재료,사진,
소주잔,,https://www.google.com/imgres?imgurl=https%3A%2F%2Fm.mughome.com%2Fweb%2Fproduct%2Fbig%2F201803%2F432_shop1_142377.jpg&imgrefurl=https%3A%2F%2Fmughome.com%2Fproduct%2F%25EA%25B8%2580%25EB%259D%25BC%25EC%258A%25A4-%25EC%2586%258C%25EC%25A3%25BC%25EC%259E%2594-1p%2F432%2F&tbnid=veORrjJ7Q4dcsM&vet=12ahUKEwjvrcGlpa39AhUREYgKHd2tDykQMygBegUIARDbAg..i&docid=wjQ1AtAaWt988M&w=500&h=326&q=%EC%86%8C%EC%A3%BC%EC%9E%94&hl=ko&ved=2ahUKEwjvrcGlpa39AhUREYgKHd2tDykQMygBegUIARDbAg
맥주잔,,https://www.google.com/imgres?imgurl=https%3A%2F%2Fimage.msscdn.net%2Fimages%2Fgoods_img%2F20210406%2F1883213%2F1883213_1_500.jpg&imgrefurl=https%3A%2F%2Fwww.musinsa.com%2Fapp%2Fgoods%2F1883213&tbnid=VAGCF9s609jf9M&vet=12ahUKEwi7jd-opa39AhUvUvUHHaJvDd4QMygEegUIARDjAg..i&docid=psO04gHMIgow5M&w=500&h=500&q=%EB%A7%A5%EC%A3%BC%EC%9E%94&hl=ko&ved=2ahUKEwi7jd-opa39AhUvUvUHHaJvDd4QMygEegUIARDjAg
얼음,,https://www.google.com/imgres?imgurl=http%3A%2F%2Fwww.ikunkang.com%2Fnews%2Fphoto%2F202008%2F32021_21504_291.jpg&imgrefurl=http%3A%2F%2Fwww.ikunkang.com%2Fnews%2FarticleView.html%3Fidxno%3D32021&tbnid=Dt4ni8u_ErHxWM&vet=12ahUKEwiageOrpa39AhXcTPUHHY5vA4gQMygOegUIARCAAg..i&docid=yAqsaFtZbwpRMM&w=600&h=420&q=%EC%96%BC%EC%9D%8C&hl=ko&ved=2ahUKEwiageOrpa39AhXcTPUHHY5vA4gQMygOegUIARCAAg
토닉워터,,https://www.google.com/imgres?imgurl=https%3A%2F%2Fimg.danawa.com%2Fprod_img%2F500000%2F142%2F126%2Fimg%2F1126142_1.jpg%3Fshrink%3D330%3A330%26_v%3D20220103152303&imgrefurl=https%3A%2F%2Fprod.danawa.com%2Finfo%2F%3Fpcode%3D1126142&tbnid=VE9KIKf0XhbmjM&vet=12ahUKEwjw-6Kxpa39AhVB4WEKHTo2A94QMygAegUIARChAg..i&docid=9-yUPW-SHxMSUM&w=330&h=330&q=%ED%86%A0%EB%8B%89%EC%9B%8C%ED%84%B0&hl=ko&ved=2ahUKEwjw-6Kxpa39AhVB4WEKHTo2A94QMygAegUIARChAg
소주,,https://www.google.com/imgres?imgurl=http%3A%2F%2Fwww.wsobi.com%2Fnews%2Fphoto%2F202103%2F116117_76379_5459.jpeg&imgrefurl=http%3A%2F%2Fwww.wsobi.com%2Fnews%2FarticleView.html%3Fidxno%3D116117&tbnid=e5JaeJhqRsb-RM&vet=12ahUKEwjDxu-zpa39AhU1TPUHHX8ZDzYQMygAegUIARDaAQ..i&docid=sKmJdrvRPdK-3M&w=443&h=1041&q=%EC%B0%B8%EC%9D%B4%EC%8A%AC&hl=ko&ved=2ahUKEwjDxu-zpa39AhU1TPUHHX8ZDzYQMygAegUIARDaAQ
맥주,,https://www.google.com/imgres?imgurl=https%3A%2F%2Fwww.heineken.com%2Fmedia-az%2F1vrbeubh%2Fheineken-00-bottle-1.png%3Fquality%3D85&imgrefurl=https%3A%2F%2Fwww.heineken.com%2Fkr%2Fko%2F%25EC%259A%25B0%25EB%25A6%25AC%25EC%259D%2598-%25EC%25A0%259C%25ED%2592%2588%2F%25ED%2595%2598%25EC%259D%25B4%25EB%2584%25A4%25EC%25BC%2584-0-0&tbnid=7Qye5151wVXtyM&vet=12ahUKEwizsrW6pa39AhXCEHAKHXv-CZkQMygAegUIARDfAQ..i&docid=o5pLnVu-9EVG_M&w=1506&h=2258&q=%ED%97%A4%EC%9D%B4%EB%84%A4%EC%BC%84&hl=ko&ved=2ahUKEwizsrW6pa39AhXCEHAKHXv-CZkQMygAegUIARDfAQ
흑맥주,,https://www.google.com/imgres?imgurl=http%3A%2F%2Fmashija.com%2Fwp-content%2Fuploads%2F2020%2F02%2F2-10.jpg&imgrefurl=http%3A%2F%2Fmashija.com%2F%25ED%259D%2591%25EB%25A7%25A5%25EC%25A3%25BC%25EC%2597%2590-%25EB%258C%2580%25ED%2595%2598%25EC%2597%25AC%2F&tbnid=6WGLIjI2n8HOtM&vet=12ahUKEwic4KC-pa39AhWSCt4KHV5-AwcQMygAegUIARDfAQ..i&docid=GPp7s-KuLd-tOM&w=850&h=567&q=%ED%9D%91%EB%A7%A5%EC%A3%BC&hl=ko&ved=2ahUKEwic4KC-pa39AhWSCt4KHV5-AwcQMygAegUIARDfAQ
콜라,,https://www.google.com/imgres?imgurl=https%3A%2F%2Fimg.danawa.com%2Fprod_img%2F500000%2F492%2F722%2Fimg%2F1722492_1.jpg%3Fshrink%3D330%3A330%26_v%3D20200819161846&imgrefurl=https%3A%2F%2Fprod.danawa.com%2Finfo%2F%3Fpcode%3D1722492&tbnid=C1E5DFzbIYFOBM&vet=12ahUKEwi60JvBpa39AhXeQ_UHHRbRDrAQMygAegUIARDHAg..i&docid=U-1ycbWVpi8zJM&w=330&h=330&q=%EC%BD%9C%EB%9D%BC&hl=ko&ved=2ahUKEwi60JvBpa39AhXeQ_UHHRbRDrAQMygAegUIARDHAg
사이다,,https://www.google.com/imgres?imgurl=https%3A%2F%2Fimg.danawa.com%2Fprod_img%2F500000%2F349%2F250%2Fimg%2F1250349_1.jpg%3Fshrink%3D330%3A330%26_v%3D20200616104342&imgrefurl=https%3A%2F%2Fprod.danawa.com%2Finfo%2F%3Fpcode%3D1250349&tbnid=4lOQ6eC5GYKKgM&vet=12ahUKEwiVs9vDpa39AhVZTPUHHY2_BosQMygAegUIARCVAg..i&docid=V_LJlk1LweMTzM&w=330&h=330&q=%EC%82%AC%EC%9D%B4%EB%8B%A4&hl=ko&ved=2ahUKEwiVs9vDpa39AhVZTPUHHY2_BosQMygAegUIARCVAg
환타,,https://www.google.com/imgres?imgurl=https%3A%2F%2Fimg.danawa.com%2Fprod_img%2F500000%2F544%2F330%2Fimg%2F3330544_1.jpg%3Fshrink%3D330%3A330%26_v%3D20200616102007&imgrefurl=https%3A%2F%2Fprod.danawa.com%2Finfo%2F%3Fpcode%3D3330544&tbnid=nrGySvyhCGzZNM&vet=12ahUKEwi6nYXIpa39AhXHAogKHfaVDUEQMygBegUIARDFAg..i&docid=S52mxJ7KXwktmM&w=330&h=330&q=%ED%99%98%ED%83%80&hl=ko&ved=2ahUKEwi6nYXIpa39AhXHAogKHfaVDUEQMygBegUIARDFAg
탄산수,,https://www.google.com/imgres?imgurl=https%3A%2F%2Fwww.costco.co.kr%2Fmedias%2Fsys_master%2Fimages%2Fhad%2Fh0b%2F47741738483742.jpg&imgrefurl=https%3A%2F%2Fwww.costco.co.kr%2FFood%2FBeverages%2FWaterClear-Soda%2FCho-Jung-Sparkling-Water-Plain-350ml-x-24-x-2packs%2Fp%2F616276-P&tbnid=1L-Ig289vz-NPM&vet=12ahUKEwimq9nLpa39AhW-RvUHHcj0ATIQMygGegUIARDnAg..i&docid=-1RRLW2v6QMv1M&w=1200&h=1200&q=%ED%83%84%EC%82%B0%EC%88%98&hl=ko&ved=2ahUKEwimq9nLpa39AhW-RvUHHcj0ATIQMygGegUIARDnAg
위스키,,https://www.google.com/imgres?imgurl=https%3A%2F%2Fimg.gqkorea.co.kr%2Fgq%2F2022%2F06%2Fstyle_6299aaf269d81.jpg&imgrefurl=https%3A%2F%2Fwww.gqkorea.co.kr%2F2022%2F06%2F04%2F%25EC%2588%25A0-%25EC%2595%25A0%25ED%2598%25B8%25EA%25B0%2580%25EB%2593%25A4%25EC%259D%25B4-%25EC%25B6%2594%25EC%25B2%259C%25ED%2595%2598%25EB%258A%2594-%25EB%258D%25B0%25EC%259D%25BC%25EB%25A6%25AC-%25EC%259C%2584%25EC%258A%25A4%25ED%2582%25A4-15%2F&tbnid=BGOOqEBXZ0as2M&vet=12ahUKEwj9tIzPpa39AhWEN94KHdjGCE4QMygAegUIARDeAQ..i&docid=wl79QwOvQ8d-dM&w=1080&h=1350&q=%EC%9C%84%EC%8A%A4%ED%82%A4&hl=ko&ved=2ahUKEwj9tIzPpa39AhWEN94KHdjGCE4QMygAegUIARDeAQ
레몬,,https://www.google.com/imgres?imgurl=https%3A%2F%2Fmblogthumb-phinf.pstatic.net%2FMjAyMTAzMjJfNzYg%2FMDAxNjE2MzkzNjI3NTAw.Tm49nup4T2BMs9Tpb162-QP50ZDsZuzzPeTLZ1dcXKEg.5ahhRhy9Kz02kEb21w7-WISJS8ItAjR-P_qHmO9ZeDQg.JPEG.pcs03393%2F%25EB%25A0%2588%25EB%25AA%25AC2.jpg%3Ftype%3Dw800&imgrefurl=https%3A%2F%2Fblog.naver.com%2Fpcs03393%2F222283700558&tbnid=hMY8CX5mdY2yJM&vet=12ahUKEwjzqtjSpa39AhXR-WEKHW-qCWcQMygAegUIARDlAQ..i&docid=2DMW9xGHPO_irM&w=800&h=595&q=%EB%A0%88%EB%AA%AC&hl=ko&ved=2ahUKEwjzqtjSpa39AhXR-WEKHW-qCWcQMygAegUIARDlAQ
우유,,https://www.google.com/imgres?imgurl=https%3A%2F%2Fupload.wikimedia.org%2Fwikipedia%2Fcommons%2Fthumb%2F0%2F0e%2FMilk_glass.jpg%2F230px-Milk_glass.jpg&imgrefurl=https%3A%2F%2Fko.wikipedia.org%2Fwiki%2F%25EC%259A%25B0%25EC%259C%25A0&tbnid=kR3Vd2ScDVosrM&vet=12ahUKEwjZisHVpa39AhWSet4KHbtGCAQQMygAegUIARCrAg..i&docid=S5SuwYLBdtQQQM&w=230&h=259&q=%EC%9A%B0%EC%9C%A0&hl=ko&ved=2ahUKEwjZisHVpa39AhWSet4KHbtGCAQQMygAegUIARCrAg
원두커피,,https://www.google.com/imgres?imgurl=https%3A%2F%2Fkfcapi.inicis.com%2Fkfcs_api_img%2FKFCS%2Fgoods%2FDL_1444724_20220704181858020.png&imgrefurl=https%3A%2F%2Fwww.kfckorea.com%2Fdelivery%2Fdetail%2F1444724&tbnid=W3edHCel7D8M8M&vet=12ahUKEwjp9MTYpa39AhUHaN4KHZutCMkQMygAegUIARDiAQ..i&docid=amW6Tk6mQ8fcSM&w=700&h=462&q=%EC%95%84%EB%A9%94%EB%A6%AC%EC%B9%B4%EB%85%B8&hl=ko&ved=2ahUKEwjp9MTYpa39AhUHaN4KHZutCMkQMygAegUIARDiAQ
홍차,,https://www.google.com/imgres?imgurl=https%3A%2F%2Fimgnn.seoul.co.kr%2Fimg%2Fupload%2F2020%2F01%2F30%2FSSI_20200130171617.jpg&imgrefurl=https%3A%2F%2Fnownews.seoul.co.kr%2Fnews%2FnewsView.php%3Fid%3D20200130601020&tbnid=n3nWLD5KZGwScM&vet=12ahUKEwjB78bcpa39AhXaF4gKHfF4DgEQMygZegUIARCbAg..i&docid=AL3mgMGTEIE2LM&w=1500&h=1000&q=%ED%99%8D%EC%B0%A8&hl=ko&ved=2ahUKEwjB78bcpa39AhXaF4gKHfF4DgEQMygZegUIARCbAg
봉봉,,https://www.google.com/imgres?imgurl=https%3A%2F%2Fimg.danawa.com%2Fprod_img%2F500000%2F193%2F805%2Fimg%2F2805193_1.jpg%3Fshrink%3D330%3A330%26_v%3D20170213175104&imgrefurl=https%3A%2F%2Fprod.danawa.com%2Finfo%2F%3Fpcode%3D2805193&tbnid=-cOvKbCbxWIiEM&vet=12ahUKEwiL35Llpa39AhVDAt4KHUXhAgQQMygAegUIARCIAg..i&docid=fyepF-ydM94IcM&w=330&h=330&q=%EB%B4%89%EB%B4%89&hl=ko&ved=2ahUKEwiL35Llpa39AhVDAt4KHUXhAgQQMygAegUIARCIAg
밀키스,,https://www.google.com/imgres?imgurl=https%3A%2F%2Fimg.danawa.com%2Fprod_img%2F500000%2F191%2F554%2Fimg%2F2554191_1.jpg%3Fshrink%3D330%3A330%26_v%3D20170227171125&imgrefurl=https%3A%2F%2Fprod.danawa.com%2Finfo%2F%3Fpcode%3D2554191&tbnid=4y-VRufKpsU2ZM&vet=12ahUKEwjBm7Topa39AhUGe94KHVhyC8kQMygBegUIARDbAg..i&docid=5jIetR8x6kQM8M&w=330&h=330&q=%EB%B0%80%ED%82%A4%EC%8A%A4&hl=ko&ved=2ahUKEwjBm7Topa39AhUGe94KHVhyC8kQMygBegUIARDbAg
블루레몬에이드,,https://www.google.com/imgres?imgurl=https%3A%2F%2Fimg.danawa.com%2Fprod_img%2F500000%2F760%2F219%2Fimg%2F4219760_1.jpg%3Fshrink%3D330%3A330%26_v%3D20210316111745&imgrefurl=https%3A%2F%2Fprod.danawa.com%2Finfo%2F%3Fpcode%3D4219760&tbnid=StmfXXz1COmgmM&vet=12ahUKEwjln7Tspa39AhUJx2EKHSOuDhkQMygTegUIARD3AQ..i&docid=2ggDPBIIKGfiWM&w=330&h=330&q=%EB%B8%94%EB%A3%A8%EB%A0%88%EB%AA%AC%EC%97%90%EC%9D%B4%EB%93%9C&hl=ko&ved=2ahUKEwjln7Tspa39AhUJx2EKHSOuDhkQMygTegUIARD3AQ
이온음료,,https://www.google.com/imgres?imgurl=https%3A%2F%2Fwww.coca-cola.co.kr%2Fcontent%2Fdam%2Fjourney%2Fkr%2Fko%2Fbrands%2F02-sports%26hydration%2Fpowerade%2F1_Powerade%2520Mountain%2520Blast_(L)_234x700.png&imgrefurl=https%3A%2F%2Fwww.coca-cola.co.kr%2Fbrands%2Fpowerade&tbnid=X_fuTHGJJpLnoM&vet=12ahUKEwiviMvxpa39AhXTB94KHRfwD3QQMygAegUIARDBAg..i&docid=CvCmzrHiKHA0rM&w=234&h=700&q=%ED%8C%8C%EC%9B%8C%EC%97%90%EC%9D%B4%EB%93%9C&hl=ko&ved=2ahUKEwiviMvxpa39AhXTB94KHRfwD3QQMygAegUIARDBAg
망고주스,,https://www.google.com/imgres?imgurl=https%3A%2F%2Fimg.danawa.com%2Fprod_img%2F500000%2F992%2F746%2Fimg%2F3746992_1.jpg%3Fshrink%3D330%3A330%26_v%3D20221011090550&imgrefurl=https%3A%2F%2Fprod.danawa.com%2Finfo%2F%3Fpcode%3D3746992&tbnid=eoz_smbQv0ddqM&vet=12ahUKEwjg9sn1pa39AhWNet4KHXXtCXUQMygAegUIARDuAQ..i&docid=2fy_9jU_JVR3YM&w=330&h=330&q=%EB%A7%9D%EA%B3%A0%EC%A3%BC%EC%8A%A4&hl=ko&ved=2ahUKEwjg9sn1pa39AhWNet4KHXXtCXUQMygAegUIARDuAQ
홍초,,https://www.google.com/imgres?imgurl=https%3A%2F%2Fcontents.lotteon.com%2Fitemimage%2F_v000705%2FLM%2F88%2F01%2F05%2F24%2F31%2F49%2F9_%2F00%2F1%2FLM8801052431499_001_1.jpg&imgrefurl=https%3A%2F%2Fwww.lotteon.com%2Fm%2Fproduct%2FLM8801052431499%3FsitmNo%3DLM8801052431499_001%26dp_infw_cd%3DSDP208&tbnid=HhZRdsSslpkcVM&vet=12ahUKEwjHms34pa39AhWTAt4KHawwAwoQMygAegUIARCwAg..i&docid=CcabxozElNiLHM&w=1500&h=1500&q=%ED%99%8D%EC%B4%88&hl=ko&ved=2ahUKEwjHms34pa39AhWTAt4KHawwAwoQMygAegUIARCwAg
라임,,https://www.google.com/imgres?imgurl=https%3A%2F%2Feco-fruits.com%2Fwp-content%2Fuploads%2F2020%2F06%2Frendered.jpg&imgrefurl=https%3A%2F%2Feco-fruits.com%2Fproduct%2F%25EB%259D%25BC%25EC%259E%2584%2F%3Flang%3Dko&tbnid=HEhKqgCg6fa-tM&vet=12ahUKEwitq9_7pa39AhXeTPUHHbgGBacQMygDegUIARDqAQ..i&docid=swFXxD85Ck_QsM&w=570&h=570&q=%EB%9D%BC%EC%9E%84&hl=ko&ved=2ahUKEwitq9_7pa39AhXeTPUHHbgGBacQMygDegUIARDqAQQ
수박에이드,,https://www.google.com/imgres?imgurl=https%3A%2F%2Fcdn.imweb.me%2Fthumbnail%2F20220419%2Fa564871929b96.jpg&imgrefurl=https%3A%2F%2Fwww.seescnt.com%2FPOUCH%2F%3Fidx%3D382&tbnid=oqtjTsYJHeQbCM&vet=12ahUKEwjx-aKApq39AhWNaN4KHaFdADkQMygGegUIARDLAQ..i&docid=-Py0NT25-OiImM&w=750&h=750&q=%EC%88%98%EB%B0%95%EC%97%90%EC%9D%B4%EB%93%9C&hl=ko&ved=2ahUKEwjx-aKApq39AhWNaN4KHaFdADkQMygGegUIARDLAQ
메로나,,https://www.google.com/imgres?imgurl=https%3A%2F%2Fimg.danawa.com%2Fprod_img%2F500000%2F778%2F871%2Fimg%2F11871778_1.jpg%3Fshrink%3D330%3A330%26_v%3D20200723091143&imgrefurl=https%3A%2F%2Fprod.danawa.com%2Finfo%2F%3Fpcode%3D11871778&tbnid=swr6eVyIk4uHcM&vet=12ahUKEwis7cmDpq39AhVKCd4KHVZbDJwQMygAegUIARDjAQ..i&docid=P7zscTSDph5AUM&w=330&h=330&q=%EB%A9%94%EB%A1%9C%EB%82%98&hl=ko&ved=2ahUKEwis7cmDpq39AhVKCd4KHVZbDJwQMygAegUIARDjAQ
모구모구,,https://www.google.com/imgres?imgurl=https%3A%2F%2Fimg.danawa.com%2Fprod_img%2F500000%2F328%2F322%2Fimg%2F4322328_1.jpg%3Fshrink%3D330%3A330%26_v%3D20220517143035&imgrefurl=https%3A%2F%2Fprod.danawa.com%2Finfo%2F%3Fpcode%3D4322328&tbnid=6FimMnFTcUJPeM&vet=12ahUKEwj5kv2Gpq39AhUUf94KHUYCBNEQMygCegUIARDPAg..i&docid=RcHguUwL92IfEM&w=330&h=330&q=%EB%AA%A8%EA%B5%AC%EB%AA%A8%EA%B5%AC&hl=ko&ved=2ahUKEwj5kv2Gpq39AhUUf94KHUYCBNEQMygCegUIARDPAg
핫식스,,https://www.google.com/imgres?imgurl=https%3A%2F%2Fimg.danawa.com%2Fprod_img%2F500000%2F231%2F686%2Fimg%2F1686231_1.jpg%3Fshrink%3D330%3A330%26_v%3D20220902124631&imgrefurl=https%3A%2F%2Fprod.danawa.com%2Finfo%2F%3Fpcode%3D1686231&tbnid=OMQHWc1ialGZrM&vet=12ahUKEwiXqvqKpq39AhXtUfUHHWkoBxEQMygAegUIARDFAg..i&docid=73MFG5Aq2POjsM&w=330&h=330&q=%ED%95%AB%EC%8B%9D%EC%8A%A4&hl=ko&ved=2ahUKEwiXqvqKpq39AhXtUfUHHWkoBxEQMygAegUIARDFAg
폴라포,,https://www.google.com/imgres?imgurl=http%3A%2F%2Fgdimg.gmarket.co.kr%2F701473375%2Fstill%2F600%3Fver%3D0&imgrefurl=http%3A%2F%2Fitem.gmarket.co.kr%2FItem%3Fgoodscode%3D701473375&tbnid=OahS2qUOXICT_M&vet=12ahUKEwj7s82Npq39AhVGdt4KHdCfBAAQMygBegUIARCXAg..i&docid=QZTaJmyYKGDeSM&w=600&h=600&q=%ED%8F%B4%EB%9D%BC%ED%8F%AC&hl=ko&ved=2ahUKEwj7s82Npq39AhVGdt4KHdCfBAAQMygBegUIARCXAg
초코에몽,,https://www.google.com/imgres?imgurl=https%3A%2F%2Fimg.danawa.com%2Fprod_img%2F500000%2F381%2F608%2Fimg%2F5608381_1.jpg%3Fshrink%3D330%3A330%26_v%3D20221222084833&imgrefurl=https%3A%2F%2Fprod.danawa.com%2Finfo%2F%3Fpcode%3D5608381&tbnid=pdlnOqKe7LeNyM&vet=12ahUKEwialsSQpq39AhVLfXAKHaj4DxQQMygAegUIARCVAg..i&docid=-jw_YuQOpyuHeM&w=330&h=330&q=%EC%B4%88%EC%BD%94%EC%97%90%EB%AA%BD&hl=ko&ved=2ahUKEwialsSQpq39AhVLfXAKHaj4DxQQMygAegUIARCVAg
미숫가루,,https://www.google.com/imgres?imgurl=http%3A%2F%2Fwww.cafedroptop.com%2Fuploadimg%2F0.92037500_1594607573.jpg&imgrefurl=http%3A%2F%2Fwww.cafedroptop.com%2Fn%2Fm%2Fsrc%2Fmenu.php%3F%26c%3D020300%26s%3Dmenu%252Flist%26vCate1%3D2%26vCate2%3D55%26m%3DView%26vIDX%3D602&tbnid=YmQ7_RR3um72gM&vet=12ahUKEwj_rIyUpq39AhUGAIgKHRfrCD0QMygMegUIARCoAg..i&docid=ooQqEi_fc9nVkM&w=330&h=330&q=%EB%AF%B8%EC%88%AB%EA%B0%80%EB%A3%A8&hl=ko&ved=2ahUKEwj_rIyUpq39AhUGAIgKHRfrCD0QMygMegUIARCoAg
스크류바,,https://www.google.com/imgres?imgurl=https%3A%2F%2Fwww.g-ice.co.kr%2Fweb%2Fproduct%2Fbig%2F202205%2F4dbecb7279a548a0fcaba6fc18e93855.jpg&imgrefurl=https%3A%2F%2Fwww.g-ice.co.kr%2Fproduct%2Fdetail.html%3Fproduct_no%3D146&tbnid=0jN4DKoKBg4HOM&vet=12ahUKEwjHrKiYpq39AhVX6mEKHRaTCncQMygAegUIARCQAg..i&docid=BCqU7i_5AC2-EM&w=500&h=500&q=%EC%8A%A4%ED%81%AC%EB%A5%98%EB%B0%94&hl=ko&ved=2ahUKEwjHrKiYpq39AhVX6mEKHRaTCncQMygAegUIARCQAg
토마토주스,,https://www.google.com/imgres?imgurl=http%3A%2F%2Fimg1.daumcdn.net%2Fthumb%2FR1280x0%2F%3Ffname%3Dhttp%3A%2F%2Ft1.daumcdn.net%2Fbrunch%2Fservice%2Fuser%2F55oP%2Fimage%2FXkV0XRXmuQU02xWYs6wBsAhFbTU.jpg&imgrefurl=https%3A%2F%2Fbrunch.co.kr%2F%40ssuujin%2F57&tbnid=wXUBmWhNWi7zjM&vet=12ahUKEwiu1tKbpq39AhVXFIgKHaC3ChMQMygFegUIARDaAg..i&docid=Jc5Kx5ZMYYeZwM&w=886&h=590&q=%ED%86%A0%EB%A7%88%ED%86%A0%EC%A3%BC%EC%8A%A4&hl=ko&ved=2ahUKEwiu1tKbpq39AhVXFIgKHaC3ChMQMygFegUIARDaAg
오렌지주스,,https://www.google.com/imgres?imgurl=http%3A%2F%2Fstatic.megamart.com%2Fproduct%2Feditor%2F8801%2F8801104%2F%2F_DSC0033.jpg&imgrefurl=https%3A%2F%2Fwww.megamart.com%2Fproduct%2F09895065&tbnid=fuwo4S_Ul5fvTM&vet=12ahUKEwjuoa2fpq39AhXM4mEKHXYSCj0QMygEegUIARDWAg..i&docid=vVdFQm-fwzdVvM&w=960&h=960&q=%EC%98%A4%EB%A0%8C%EC%A7%80%EC%A3%BC%EC%8A%A4&hl=ko&ved=2ahUKEwjuoa2fpq39AhXM4mEKHXYSCj0QMygEegUIARDWAg
피치트리,,https://www.google.com/imgres?imgurl=https%3A%2F%2Fw.namu.la%2Fs%2F0f4bdfa56b3445b0330deeab6f4ed445865cad8399a925eace7041e7540905896628137e9e1448e10ca3042b70a11acbdc58320bf89b1506e06fc2df5b4672f4a0a2146b3219ca91ad9f52a5534282ea33d91e19f730c91db1cad65716c148ed&imgrefurl=https%3A%2F%2Fnamu.wiki%2Fw%2F%25ED%2594%25BC%25EC%25B9%2598%25ED%258A%25B8%25EB%25A6%25AC&tbnid=E1Pr-2OaHW2HXM&vet=12ahUKEwito_eipq39AhW-R_UHHTPXAi0QMygAegUIARDNAQ..i&docid=LbQpEZSt8GdhbM&w=506&h=1024&q=%ED%94%BC%EC%B9%98%ED%8A%B8%EB%A6%AC&hl=ko&ved=2ahUKEwito_eipq39AhW-R_UHHTPXAi0QMygAegUIARDNAQ
매화수,,https://www.google.com/imgres?imgurl=https%3A%2F%2Fwww.100ssd.co.kr%2Fnews%2Fphoto%2F202009%2F71364_51503_2429.jpg&imgrefurl=https%3A%2F%2Fwww.100ssd.co.kr%2Fnews%2FarticleView.html%3Fidxno%3D71364&tbnid=_7JGWGeOxrUZ0M&vet=12ahUKEwj9yYyYoq39AhVQ8WEKHeE8CCkQMygAegUIARDcAQ..i&docid=7fc7WkuZ8ZRtoM&w=360&h=720&q=%EB%A7%A4%ED%99%94%EC%88%98&hl=ko&ved=2ahUKEwj9yYyYoq39AhVQ8WEKHeE8CCkQMygAegUIARDcAQ
설레임,,"data:image/jpeg;base64,/9j/4AAQSkZJRgABAQAAAQABAAD/2wCEAAkGBxAQEhUQEBISFRAVEBgVEBAVEBcVFRAQGBIaFxUSFhUaHSggGBomGxUVITEhJSkrLi4wFx83OzUsNygtLi0BCgoKDg0OGxAQGy0lHyUtLS8vLS0tLSstLS0vLTItLi0vLS0tLS0vLS0tLS0tLS0tLS0tLS0tLS0uLS0tLS0tLf/AABEIAOEA4QMBIgACEQEDEQH/xAAcAAEAAgIDAQAAAAAAAAAAAAAABAUDBgECBwj/xABLEAACAgECAwUCBwoMBQUAAAABAgADEQQSBSExBhMiQVFhcQcUMoGRobMjMzVCUnJzdMHhFyQ0U2Jkk5SxstHSFSVUY/AWQ3WSo//EABsBAQACAwEBAAAAAAAAAAAAAAADBAECBQYH/8QANREAAgIBAgQCCQIFBQAAAAAAAAECEQMhMQQSQVFhcQUTMoGRobHB8CLRFTNC4fEUYoLC0v/aAAwDAQACEQMRAD8A9xiIgCIiAIiIAiIgCIiAIiIBjscKCzEBQCSScAAcySfISmHa/hx6auj+0EldpWxpNSfTS2n/APJp86U9Pol3g+EjnTbdVRFlyOFUfQn/AKs4f/1dH9oJZ6bUJaosrZXRhlXUgqw9QR1nzlZ5++e5dgGzw/T/AJhH0WMJvxfBRwwUot7mMWVydM2KIic8mEREAREQBERAEREAREQBERAEREAREQBERAEREAREQBERAKftecaHVn+p3fZNPnulDg4B8vKe49u+GjU0imzWU6almG42INzuDkBXNigDAORg59k8T4wz6TU2aehhfUhG3UKvhsygbljI5EkdT0nX9GyiotXq9dn/AI6lbOm3ZktrbnyPyvQz2z4OD/y7T+6wfRe4niVGvuttrosBSu1wj3bcCpWOC5OMDA59RPYew/DF0zWJTrtPqKj4nrRQXRjyU7ltIVeTctvM+ck9JSi8XLet3s/LyNcCd2bnEROIWxERAEREAREQBERAEREAREQBERAEREAREQBERAIHFuLUaRO81FqVpnALHG4+ijqx9gmsP8KXCh0tsPuos/aonmvwua9reI2ISdtSJWi55LlA7ED1Jbn+aPSaXPRcJ6Fxzwxnkbtq9KWj1XR9Cjl4tqTUUe+j4U+Ffztn9g/+k5/hT4V/PWf2Fn+2eA4nIWWf4Hw3eXxX/k0/1c+yPYe0Pwt0oUGjqF6kHvDYHr2HltABXnnnz9k834navENVZq2GxrSC1aruVSECciWB6KJTWJLvs1p97YyeQzgDqPP9n0zC4Hh+HbpPbdu3+3yMPPOZ1FNemupv5k02rYE7sYYq24Anf6ieh8F+F6p7duppFVO0negZ235G0bQOh58/ZNQ7QcO3Y7sHJIVV5cyfn5csn5vmmuVcPwxVyVYEhhsLYwMjp1zy+mRyw8NnrmWtdLteNK/jTRtHJkie5/wp8J/nbP7vb/tj+FPhP87Z/d7P9s8Ss4cgOBZnrk7emAMdT5kkfRIV1O0kDmB+Njl0mYeiOEls5/T/AKmXxWRdF+e897/hS4T/AD1n93s/2y+4L2i0mtBOluSzHylGQ656FkYBgPmnzFLzsRxJtLrtPYpIBuVH/pVuwRwfUYOfeoPlNeI9CYVjcsbdpN609ltst9hDi5OSTSPpiIieaL4iIgCIiAIiIAiIgCIiAIiIAiIgCIiAfOXwlL/zTU/np9gkoaaVPyj5jy6DzM2r4Sqs8T1J/pV/YJNdSqezwyb4bGk6/THX3I5nMo5W2k99Hf2OF0y+44PL256ZmdNIvkfIH5/MTqFAnDWAR6uT/rf5+V1ddbJP9RDrjj+fl6KuyRHvr5SZwS8o3LHPqCOv/mZDtszOtduOklnDmepWTpF7x7Vlxy5D6+uevvA6ekp9DqrEyFbAPs8yc5+oTpZqCes6I4EjWCNJVsZ5mWD6m08931DlzBx9IEwu1j+Enwk5bwZwBzzgDOAMnA9JO4DVVdb3duRWUO5xdXV3X/c3WeFgPyeRPlN3p4OljHUaRvuTa3TirU0IVsqQo1WoG0r4UDMrea4PPzkObPiwyppedKvDWnr170m/E3hCU9mafxLsqtVFVourZn7wJsc2fGXDgVrSijcOR8W7G08jzIEoOH+G6o+YuT6Q4nrCJXYlCrdSjPZqE73T0FL3bCtYqIcrp2OD3hHmF2/KlcvBqdOlb6sGsWaSmrC1P4NSLlvcXWhGFRLBUPVsZ5DGZDi4+STjO223WmtW+la1Xyr9OyklhTprTb9z2SJwJzPLnQEREAREQBERAEREAREQBERAEREAREQDwbt/TniOpYuqp3tSs5z4S1AxkD0CHMg67RKtQIrsWzxMwwCqgAKM2E42EqzDqTu+cyu1V7avW6nTd2wI1TbbQC3iUsq97y5V4Y4PlnzErOJ6IV2VJqbkFVaV4QF3LAfLIQDw5O8ZOOX0T0eOUqxwbppXS1tKOns7t/Ja2tW6Dirk607+N+P54FK2omJ7T/ofUjr/AIj6Zd8a7vuzyzYbHdXY4FwsYE21bMhsYA2sfCPLOZC09djaV8KprD+NsjI5Lyxj68g/QJ0cWXngp1Wtb+PR9fr4EEo06K6zcOoI94I6dZzUrNyVSxAyQASQB1PLylpx7vitJuxzTcCHLbiVUFiMcj4fpz6TaPgw0iU97rNSe707gaWpjyD22sA4HsULzPQZP5JxnJmcOHeWr7JN6u6pfny1EYc0+U0AtMj1OoVmR1VxlGZSA4HUqT8oe6Xi8Go0192n4i99TVkBDVUr7xk+LxEeEgKRj1PpLPt7XUum4cKGdqvi1uxnUKzL3i82Ucges3llXrIRirUr1p1XK5Kn12/KCh+lt9P3NZ4XVZbYq1IzuDu2Kgdiq+JsIeTnAPh8+k9F4R3hze9zENZ3VWtsRqr9IzEIKK9NYjV4LEKe7Ixk8xjl5poNR3Tizu67NvNVsBZN2PCxUEZweeDy5TYdV2m7+x2Z3R7Do/4w439yaFLO/dr1zYdwUcvplfjOHy5GlFaVv79ur21rql7Mum+GcVv+fnx7NG+02O61KKr6y2osr+PIlIt/9sd+UCYVLWBGRg+BMk7udfq6HbbqdPv2WIQg0Yw+oVgSLdZYypXXnBzmv8rn5yO+8ULeKtWrd/ZYdT3oOsVGqqzqnpzhkO0A1YwFCHPmdS0/aZqPvWS6aW3TJeG2lg2oNqW7COWOmw5yCZzOH4ecreOrTp9t34vw008EnqTzmlufSVfQe6dpD4TqO9oqs/LpR8/nID+2TJwttC4IiIAiIgCIiAIiIAiIgCIiAIiIAiIgHz9xVbNXrD91C6cagrlrNgdlsLWFK+pI8QzjooyRItebbbl1ilkX7ojA5Ze8uRUCMD4qiLAcDlhRjBkSjip0917bUJZrMMa0Y72JABLDOzmTtHXzlfqdczNlSUQfe6w5IrXdvCgnngNzGZ7THwUvZ0UUlTWj3tu1qm+r6+FcsuVLMt+t6kvtDw/uGVcVg4PKvvSnX5Qez5ZzkHHIbcdZzpdIp0r2944ZSVNYI2kZXyPrny9PfKyyxm5sSeZPM+ZOSfnPOTK+H5pN24cgfDgeTKuCc5BO/lyxy6y56twhCM562ta3fb399+7Iua5NpGfijjbS3e97jIKEAqm1a/ByA3DJI9oUc/OT7dRbxRttl2l0tNKAUUMxporU8ttaqrZPIZJ/dKvivDRQK2D7xYCQdpXkApBwT5h5ffB82nB1PffEhZ3C/F/jgXuu93H8r2dcc5BLkjw6zY9Wrp1qrlTpNV5urpNm8LlPkfX9viTdforNRQlF/EeE2d0fud7Xub0rx967zu8lOh58+Q5yt7a6W6qnRV2Pp7Kl07ih6HZwy7wWLMyjqcYx6GbL3n9Lst9C/wCk1rtzqXfuFazh7KiMta6FiUrUkEhh0Xn0A9sr8NfroJVVye1auL2pL33p7yfLFKDfl37mp4nBE7y24Lw+u5bN7bWA8BJIRSQcGxsYUZ8yfxemDkdXLKOOLlLYpQTk6RBfiNpTuy5I7027iSX3sgQkv1+SoEglZtYFNVdiNWwbvjUqmsM7jO7K5I8WBTkHK8lIHiIlRxLhFunwXAwWYKemdrFcgHBIO0kH0x6iVsU4OXLXLrp/u0vQklGVXd/Y+iOxpzw/Rn+pU/YrLqUfYk/8v0n6pV9mJeTwuVVkkvF/U7EdkIiJoZEREAREQBERAEREAREQBERAEREA+VdZ98f9I3+YzFMus++P+e3+YzDPpcdkefe5zJtJp7pww+64ypBIx4lwp54Ock9OW3zyMQpbaW9/i71irKZJa3I8HNM8se76R7pFmbSVd11r/Pl1NodTBxR6CE7g2HBYMHbOAAm3aPLzz7c+WJe6bslp7XWuviWmax2CoortyzE4A+T6yo45a7Km9SNoZDkg+JUr3LuBPTw9efi556za7uF8M4XrUFup1JtosrsKjTqVbo4G4H0xKM8so4oqEpczUmqSndPq6rqtvLoTxgm3aVab6FHwfs2tl+s01rsDpdPqH3Jjx2UOEx4gfCcn29JG1/B0r0Wm1QZi91lyshxtUVPtBXlnn55Jm3dmLdJbbxHUVPabrdLrX7s1gIKHtDK27Od2CnL2n0lFxr8E8P8A02p+1hcTkllUW37UU01X9E291tzK/wDBtLHBQbVbP6oo/wDgt+zvNg2BN5IsrJCFBYCyhsrlCGAIBIMm8L+LGrayGy47vufMFnC5r24yxbcQvhK5G7IO3Jsl17/EtjU6k4qKi01ualBYhSr7gAoXavQ9POaipwc8uvmAR84PIiSweTiFJT05ZacvWr31fw0a69COVY2q69zcrNTb3VGnfFAKWOt1ZLdyE3EoTuYkBFBIDbhlfTBo+0S2o4rsYk43HIUFnJINjBWYbiAOecnAzzkbXcUsuwDhQFVcKNu4KmwZA5HkX8ujkdMARLLGY5YkkkkknPMsWJ+ckn3kxw3COElJpLe0lerbej9+1taWq1tkyqSo+kOxP4P0n6pV9mJeSi7D/g/Sfqtf+QS9nh8/82Xm/qdePsoRESI2EREAREQBERAEREAREQBERAEREA+bOFcEbWal6hZWhFh3bic7O8w7L5HaMsckchNq03Z1TpF0bqo1DMlmzbYXF1umsYeDpnFJXdv2eFjtBwDrHDDUustN9nd1q9hJGCWZbeSqrIyOc89rgKccyJ6DRrqrq3wzPR36m9O7Ny3bLnWxgWYFwydy+ykYTlgHdg+t9JZs0XGm+XRrSkn59euj0vqrRzcEYtPvqeddpuD1aUqtdveFi27BUhMbcKWU538zkEDHLGesq69ZYqmsMdhByvlz6nHry6y77VcS02pFdte/4wVXvc5ZedYJVXJGFRsoqBQMDOTma7OrwqlLDH1yfN1tK7v81+9lbLSm+XbwM2p1b2jDtnDMQT1ywUEn1+SJt3G+0XDNZc2ou0mo7xgobbqlUeFQowNvoBNLl/wnsdrNTWLgtddLfe3usWoWn0QHmffjHtmM8MEFGU5cqVpNPl9qrWlXdGccpu1FX7rL/shdpGt1fxSu2tf+EaneLLRYWbdXgggDHKVvGvwTw/8AT6n7WVliazhlllTqabLKGqfIVt1DkFtjDIIOwDcPb0Mzcf0+op02jrssVqHoa+hFGCgtbc2845tk/VK6xJ5YSUk05JrW20oSvX/kq12JHN8jTWqTvpuxp+IUrS9aq5LUFC3cUgq25XJ7xV3kZXnknkT7JQTcNDx3TfFmqOUc6O2tV2KV3sli7QyoD4jsbxE83PP10+T8LzXO4OOvXr47L7+ZFlqlTXuE4k7h/DLLiQoxhS2SGwcDOBgHP7/UgGNZSy/KUj245H3HoZajki5cqeqI3FpWfR/Yn8H6T9Uq+zEvJSdivwfpP1Sr7MS7nzrP/Nl5v6ndj7KEREiNhERAEREAREQBERAEREAREQBERAPlzjIxfcP+/Z/naYqtZYqPWrEV2ACxcAhgrh1HMcvEAeWJl43/ACi/9Pb9o0hz6RBJwjfZfQ4MnUmd6q2chVBLE4AHUmdr9O6Eq6spBwQR0PLkfbzH0iXHZUIWcMiHC7t7fiAdeXT054J6gA55W/aSxO5Ks+0t40UhcvzDEZXI+U7c1AHhIyebSnk4xw4hYlHt8/LwvT37EqxJw5rNKPSb98IPDdRqrKdRpK7btG+mRdN3NbOKgBhqiqglDn1A9PLA0KbR2BrvuvamvV36dDU9jmpm57APxQQCcefsknFJwriE0uRS3T2dXtqnoq95jC7uD61+dib2xVqdBodLqT/HU3sUJBenTMfuaN6dFwPLYR5TF29+8cM/+OT9kwW6bhLku2u1TM3NmbSZZj6kl8kzjtvoTUNIRqLL630aNpy9Yr7uj8RAoPp88r4Eo5McXd3Nu4yim3bdWtEr6v5smyaxk/Jb3sdqNdpjSUym/wCLMFBrClGGm22KXIG9nt8YwT83SarNlqrp+LOrJT3ooyj9/p9xfep6B9+dm7kfTGM4E1qWOEUU58t7918VXf4t6vVsgzN6Wb5w9yUUWMrWGtiNq+IqKlDDkDzyVHQnljCEEtT9qXyq7bEKByNoGDu2DxAEnljAzz6gEsRmUWj1b1NuQjJBByAQQRjofefp9pmJmJJJ6k5J9TIsHAerzc9qltp9uhtPMnCj6U7HfyDR/qVP2Sy5lP2P/kGj/UqPsVlxPEZv5svN/U68fZXkIiJGbCIiAIiIAiIgCIiAIiIAiIgCIiAfLvGv5Rd+nt+0aQ8Sfxpf4xf+nt+0aQSJ9IxexHyX0OBP2mdQZkuud8b2Y4GBkk4Gc+fvm9P2cs4vSmtp7mq7JqvrbNddhT5NqEKeeCAQfTrynHB+xHEtNclwq01m0nC2Wq9ZypGSOvnnPlKn8Qw0+dpTV/pb2fbmrr3X9ib1Er02fX+xoUu+x/G00OoNtiM6ml6yqsFPjAGcn3TbuNfBrutLabUVBWYsanBUV5OSqFAcqM4AIHICT+D/AAZ6ZOeosa9vNVzXWPoO4+/I90r5vSfB5MLUm2mtknf2S+PxNoYMkZ2uhpg1fBf+l1X97T/bMPazjdWq+LrRW9den0woUO4diqnkSQPTE9F4t8HWisU90ppfyZXZh86MSCPcQfbKLV/BuatHYVzbrQwNW1sL3YZcptPVtu4+/AHtixcfwblGblPmukpNur0b1dV3dkksWWmqVeHgee6atWdVZgilgCx6ICflE+Q9s9DTsjpTWikMzAHx1gq9+V3KdhJY5LNzwoyu3ny26XZwDW1jvG02oUL4i3dOAuOecgcvfJ1na/VNW6MfExUixSUKbemApAPVjzzzaWeOhnz8r4eei3p/P4ePkrIsTjC+dFBbWUYqwwVYhhy5EHBHIkfQTOs56zsBOmrtFdn0n2SH8R0n6nT9isuJU9lRjQ6Qf1On7FZbT5vld5Jeb+p347IRESMyIiIAiIgCIiAIiIAiIgCIiAIiIB8y8dX+M3/rFv2rTFwnQHUX1UDkbLVTP5ILYLfMMn5pvnFPg11tt9tgfThXvsdc2PkK1hYZ8HXBl92Y7CVaM1XWbn1iMzZVvuQ5FdoG0E8jnnzz7J7GfpXh8eH9MrlVJLvW+vSzkrh5ynqqV/c2bScOStUpqGymtdqqPT2+vtPmTMj0KJn7zkJjYzynMzociZDdAOgEyVrObl5zJpzHOOVHTaZ2GZLUKZwaxMc5tysiChc5wM+s0PUfBlUbLrWstFZ3NVVUqhlPXb4shh5AcvLnPRu69JlRfWTYeKy4L9XKr3NHijP2kfOK8C1mcfFdRuHIjuLOvT0m1nh+m4VQV1tNeo1d65Wsc/iyBT+Pnkckc1HlyJxPSeL8QZUsahC5RGbaqFmsYDIRQPU8p45xbh/EtRY912l1JsY5P8VtwB5Ko28gJ6LhuMnxzqdQinrTpt9Fuml1deBSni9V7Or8tj3js2u3SaZfTS1D6KllnIXCUK0VKQQRSgIPUEIBgybPJydyb8TprYRETBkREQBERAEREAREQBERAEREAREQCFY3M++FMiaizDsPbOq3zAM99eeY+iRycdfmnZrMzCw9pmbNWjHfZgjOApGB+d7/AEndTI+pDMMbh84kI1svMMQfYcfVMguVaGsx15SifVWDq7f/AG/dOBq//Dz/AMYFl78fUeefzRkzodZvA6gfk+fzypXUTst8zaMblvVZjpJQ1EohfMyXnOJq9TY2kTmIgyIiIAiIgCIiAIiIAiIgCIiAIiIAiIgFFxUYsPtAP7P2SGXMueI0biD7MfXID6QwCMLj5znvJ2bT+ydfi8UYOjGYHXMmdwZwaDAK16CZgOkPrLj4uY+LwCoXSt6yQtOJP+LGdhpYBBVJI0lOXUf0h/jJaaSTNHpcMD6f6QC0iIgyIiIAiIgCIiAIiIAiIgCIiAIiIAnR2xO86OmYBjY5nGwTuKfbO2yAYDUJ1NAknZ7Y2wCL3AnHxcSXtnBr9v1QCL3AnPcCSO7Pr9X75zsPqPo/fAI4oE5FImbYfX6v3znu/b9UAxisTkcpk2zq1WfOAc1tmZJjrrx5zJAEREAREQBERAEREAREQBERAEREAREQBERAEREAREQBERAEREAREQBERAEREAREQBERAEREA//Z"
아이스티,,"data:image/jpeg;base64,/9j/4AAQSkZJRgABAQAAAQABAAD/2wCEAAkGBxMTEBUQEhIQEBAQDw8SFxYQEg8QFhUPFREWFhUSExcYHiggGBolGxMVITEhJSkrLi4uFx8zODMsNygtLisBCgoKDg0OGxAQGislICUtNy0tKy0tLystLS0vKy0tLS8tLS0wLS0rLS0tLS0tLS0tLS0tLS0rLS0uLSstMC0tNf/AABEIAOEA4QMBIgACEQEDEQH/xAAcAAEAAgIDAQAAAAAAAAAAAAAAAwUEBwECBgj/xABAEAACAQMBAwgGBQsFAAAAAAAAAQIDBBEhEjFRBQYHQWFxgZETIlKhscEjYqLC0RQVJDNCY3KCsuHxMlNUkvD/xAAaAQEAAwEBAQAAAAAAAAAAAAAAAQMEAgUG/8QAKREBAAICAAUDAgcAAAAAAAAAAAECAxEEEhMhMSJBUTJxFCNCYZGx0f/aAAwDAQACEQMRAD8A3iAAAAAAAAAAAAAAAAAAAAAAAAAAAAAAAAAAAAAAAAAAAAAAAAAAAAAAAAAAAAAAAAAAAAAAAAAAAAAAAAAAAAAAAAAAABDVuYx03vgvmBMDAnf8ML3mNUupvrfhp8CNp0uAUMlJ75T8ZS/E6qgnxGzT0APO+hXb7jpUuo09ZVY019aaj8xtPK9KChsuVVOUoQntygk5L1spPOHrv3MsIXj69O9Z+AiYnwiYmGcDGjeLr07d6/sZKZKAAAAAAAAAAAAAAAAAAAAAAAAEF5NqDa7FngmymqVNlZfgi/ksrD1TKa/t4bew+tZXvWF5HNvDqvlgynJvReLIrDlCU5yjGnmMNrMttLLTawljraMyNBrXO0s+XkQWNvGlGX+qTlJyemXltvCS7yiefmj491266llKumk2nBv9mWE0+Gmj8G0cTWm9+DaKyteVHPKg9lZWqeTvTu5uWGlFdrW4r/ExM61P8OujPlkRptPSU2n7Um8EdTkulLLccOWMtbsptqSTyk023nHWJXeFlLbed0Gs4O1K5co52ZQ13NPPeT1Kb0cto7qu25P9DVbpzuZKSfUnHOHmWcavdvXUsFra30lGKm9p41cko57Ws6eZyqknphRS6+tkNSgnlvCzjr4cEcxzR3r/AImZi3lYxqp7tP8A3UWHJknsvgpPHzx2ZKiypxc4wWWnv3rQ9FCKSwtEjXSdwz3jUuQAduAAAAAAAAAAAAAAAAAAAAAAKTnDHWD7JLyx+JdlTzkh9EpdcZLya/wVZvolZi+uFTKvJdZErt9ee9tP4kVCW1v3I6XEsHlZOIv+mW2MceJhK77sflFfBnX84dWq8zBnlkMomeeNyfP9rI4eqxnfN7m15PyyztSu5cNr+LC+DKyJlW9XJMcbk+ScFY9lrTnJ9Sj/AAts4msHFvUWCKvcLvNvViac0ypivfULLkf9cuyMn7sHoDz3NmOZzl1qKXm/7HoTZw07x7Zs/a+gAGhSAAAAAAAAAAAAAAAAAAAAABX8vQzbz7Nl/aRYGPyhDNKa+pL3LJzeN1mHVJ1aJeOttINfW+RFNktaOFkwalRnz2b0+l6tI33SshmiJ1+o7xeTJPeV2tOVFktK31z8zmD4mVCoi6lIcWtLmEdOHcQxfrNdrJJ1OBg+l9d+B3adaiHNYmdvW82I+rN8ZRXkn+JdlPzXX0LfGpL4JFwe/wAPGsVXmZvrkABcqAAAAAAAAAAAAAAAAAAAAAA61I5TXFNe47ADxEqixh+8r7mrnRGPytc7NWcPZqTXlJoipVNO1nz/ABMzvT2sWPUbdnHrMihNGG6+GdZVktVu4GLxLRNZlfUkiX0S7Dz8OUDN/OSS01NWPLTWphmvhv7Mq6iorV/iU0bhKbbOt5fbTK70mpXMxa3pacWKYr3bW5sr9Fg/a239tloYHIUMW1JfuoPzWfmZ59JijVIj9ngZJ3efuAA7cAAAAAAAAAAAAAAAAAAAAAAAANUc64bN5VX7za/7JS+ZgRui36QqezdSl7UIP7Oz908dK6weLxWKeadPouF1bHXfwuLiu4ycZJxaeGnxK27vNdG89jJ4csTk9pzppxe1iXqKTlFp7tO3vZjVb16P6CWw6jyqntOWdnK0/wAcTPHDxMtETNfMMdXUlr6yWWstPGVvXeSw5TeOKIVeNxWfQrE1UW1POJObnhrr34fhu1zj1eUZNOD2XHabzmU8vVZzJvO967/JYmcEO4tv2WH5dklpXGWikjUMmynmpCPtThHzaXzJpi1Kb60+hLOGzThH2acF5RSJgD6COz5KZ2AAIAAAAAAAAAAAAAAAAAAAAAAAAa86Taf0kJcaWPKT/E1rWkbS6U4+pRl21Y+ai18GakvKuDHmpuz2uCyflwjqTIJTIZVDrKZT023qJlUOfSGI5iMx00dRYRmWXNiG3fW0eN1b57lVi37kykUz0nRtDb5UtlwnUk/5aM5L3pHVMfdxly6pP2fQQAPQfOAAAAAAAAAAAAAAAAAAAAAAAAAAA8Z0q0/0KMvYrx8nCS+ODSV3I+gefdi61hWjHWUYqov5JKT+ymfPN29Wiu9dt3DX1XTDlM4dQ6VSHbOeVo6iZzEKhjOZzGRHKdRl+kPe9DVPa5Sz7FtWn74Q++a52zb3QVye9qvctaKEKMe1ye3P+mHmTWvdXmyeiW3QAXPNAAAAAAAAAAAAAAAAAAAAAAAAAABicrU9q3qxW+VGqvFwaPmi/ntPL38V8z6hazpxPmLnHZ/k91Wt87So1ZwT4xT9VvtxgLsU62pLgxmZFaRCRpZzOjO0WcHGRo5klOWpvroPy7GrJ/8ALkl3KlTf3jQcNWfSPRRYqlyVRaeXW260u+Twku6MYoiIc5Lel7AAHTOAAAAAAAAAAAAAAAAAAAAAAAAAAAa26QejaV1Vld2s4xrzx6SnUbUKjSS2oy/YlhLTGH2at7JATEzHh8q8tc37q2bVxb1qCW+UoOUPCpHMH4Mpu5xfcfYZXXfIVrV/W2ttVz/uUaU/iiNSt6ke8Pkt9695NY2c609ilCpWn7NGE6kvKKbPqWlzS5Pi8xsbGL4q2oJ/0ltQoRgtmEYwjwilFeSGpOpHw0VzQ6IrmrNVLz9FoaZppqVaa4aaU0+Ly+xbzednawpU4UqcVCnThGEYx3RhFYSXgiYCIV2tNgAEuQAAAAAAAAAAAAAAAAAAAAAAAAAAAAAAAAAAAAAAAAAAAAAAAAAAAAAAAAAAAAAAAAAAAAAAAAAAAAAAAAAAAAAAAAAAAAAAAAAAAAAAAAAAAAAAAAAAAAAAAAAAAAAAAAAAAAB//9k="
요구르트,,https://www.google.com/imgres?imgurl=https%3A%2F%2Fblisgo.com%2Fwp-content%2Fuploads%2Felementor%2Fthumbs%2F%25EC%259A%2594%25EA%25B5%25AC%25EB%25A5%25B4%25ED%258A%25B8-%25EB%25B3%2591-p5n5r18iqjwaho4l8dypfovtexj3hmml83x90jofls.jpg&imgrefurl=https%3A%2F%2Fblisgo.com%2F%25ED%2594%258C%25EB%259D%25BC%25EC%258A%25A4%25ED%258B%25B1%2F%25EC%259A%2594%25EA%25B5%25AC%25EB%25A5%25B4%25ED%258A%25B8-%25EB%25B3%2591%2F&tbnid=PGrai4LrQaAkqM&vet=12ahUKEwjq6-_Coq39AhVChMYKHasGBiUQMygAegUIARCdAg..i&docid=3XLivw38kKOjkM&w=1024&h=1024&q=%EC%9A%94%EA%B5%AC%EB%A5%B4%ED%8A%B8&hl=ko&ved=2ahUKEwjq6-_Coq39AhVChMYKHasGBiUQMygAegUIARCdAg
깔루아,,"data:image/jpeg;base64,/9j/4AAQSkZJRgABAQAAAQABAAD/2wCEAAkGBw0PDQ8ODg0PEA8VDQ0VEBUPDQ8NFhUQFxEWFhYaFxYYHSkgGB0mHRUVITEiJykuLi4uFyAzODMuNyktLisBCgoKDg0OGxAQGy8lICUwListKy82LTI3LTUyMi8vLS01Ly0vLy03LS0tNSs3Ly0rLS0tMDUrKy4tLS01NS0vLf/AABEIAOEA4QMBIgACEQEDEQH/xAAcAAEBAAIDAQEAAAAAAAAAAAAAAQYHAwUIBAL/xABIEAACAQIDAwkFBAQMBwEAAAAAAQIDEQQSIQUxQQYHEyJRYXGRoRQygcHRI0Kx8BUzYrIkUlNjZHJ0dYKSo+EWJTQ1s8LxCP/EABoBAQADAQEBAAAAAAAAAAAAAAABBAUDAgb/xAArEQEAAgIBAwIFAwUAAAAAAAAAAQIDEQQSIUEFMTJRYXHwE6HxIoGR0eH/2gAMAwEAAhEDEQA/AN4gAAQoAgKAAAAAAAAAIcNXGUYO06tOL/aqRj+LLi4OVKpFNpunNXjvV01p3nkTFUo3alFt8c0Ve/e+0D117ZR0fS09d32kdfDU5k01daruPHk8PFKF4S1hdZ4rdmlbL3WXnc3XzAZugxury9JQyrpLpO079T7vDXjbuA2yQpAAKAICgCFAAAgAoIAKAAAAAAAAAAAAAAAAAAOr5U5v0bjssnGXsOLytOzT6GVmu88qVbX+h622nK2HrNW0o1Xqk1pB70955x/4FxElrXhfS94t39Tlkz48fxzp6rSbezFKkIJxyycrxTlq3aT3rWK3advizbv/AOf4y6TaDzPL0eF04Zs1TXxsYZLkHiLX6anot2Vx+Zs3mY2VVwkMbTqZHeVBxcVrummm99tN3e+084+TiyTqttymaWjvMNlgA7vAAAAAAAACAAAAABQAAAAAAAAAAAAAAAAAPh27UUcFipPcsLiG/hTkzQ1TlTgdc0Kt3fcnxTXZ3s3Py92hDD7KxcpySc8PVpw7XOcXFJed/geX69Ltb4bjhm49Muup0pktT2bAjy4wbVstT4xl9DYHNNtCjiI4ydHNbPQUs199p9yPPcKEbpU3OTsr5oKPW4pWk7rsejfYjcXMLjowljMJN5akuiqU09M2VSjNLvV4vzOeLhYsVuqu9ptltaNS3EAC25AAAAAAAAAIAKCACgAAAQCgAAAAAAAAAAAY1y65UQ2bhXJNOvNNUYvW3bJrsWni7IDS3OZtzFVtqYmE6snTpVqkKUVJ5Yxi7aLdd21ZhNes29U3o/zuO0xdd1Kk6k+tKUm23q227tvvOrnK7dvxAvtKuslKVO8IqWZqd2tW08qsnpp6s+zCbTr05xqU6koTi04yh1WmtzVtx8lWvOVs85ytGMY5pylaC3RV9yV3ZHPHLwXYB6n5MY6eJwGFxFS3SVMPSlO27M46vu8DtDV/M/yrjOmtnVWlKOZ4dvitZSh472viuCNoAAAAAAAAAAQAUEAFAAAAgFAAAAAAAAAAH4rVIwjKc2oxjFuTe5RSu2eb+XPKGeOxtSq28l7Qi/u017q+b72zb3Oztj2bZrpxdpVpZP8AAtZefVj/AImefFJOaztqLksz36X1YTEbnTscHsetVWZ2pws9Zp7lvaitWdnhuS2Gj77q1bSSko3STcsu+G75/E7Si2pN2jKKdJxbnFpKDjlclfc4q2tt+9Ce3MLGonUxDazUekVCF9Ie6rKyVle1pdnYUbZMl57PoKcXjYY3bX3ldp8kMAlljSq0pRUc8nOvJ67nLN1Vx7PdZjWK5Ozim6VRTtwlaL4cVpfVK3aZ7yn5UbLqOMaVWtFyppVHLLNNRuo5nFuzXWdrfeujoI4unVzSVSNVOcHKUXeShHgr2aXwR6m2SkvEY+Pmr2iN/T3Yvs3FVcNiIzTlTqRnF9jjJO6fmkem+TW1o43B0cTG15R66XCotJLzv8DzvygpKVJVFbq1FbMkpdG01Fej0NhcyG2G+nwknvSqQ/rRtGXmsn+Us0v1RtkcjD+lfpbZAB7cAAAAAABABQQAUAACFIBQAAAAAAAAABp3nyqOVfD07tKNBy13dabT/dXkarqYWzSzcbO/hfQ2bz7r+FYZ334e2/snP6mp5yemr03agfRPDb1naTim+3fZXRwtZVK8ru+lte5HFLpJe4pTlppHM3a9uGp+6mxsXGPWpOmnZ9acV6XuRMxCe8il1E3LrX9Pyz9Um4tVISlFrVNOzXh8z8LYuLdO8VGUb7lUX4OyJLD1qcYurTnDsck7b+Etz+A3E9jvHd9k61SppUqzlHNKSzSv1tb+G4zHmnrOntahq9ZSi7dkoyj9DAlJ33vzM05qIt7Ywqv9+T8oSfyJiNEzM95ejwAEAAAAACAACkKQCgAAQpAKAAABAKAAAAA01z8r7fCP+an6Sf1Nfcm9gSxlRynJww8P1klZNu18sb6Xtq3wNjc/MetgrK7y1l6q34ny7IwMaNGnh96pxi5pffrS6zv3X18uCKvL5EYcfU64cfXbT8/oql0HQ0IRoUbxvK1pSt46tvtkcktiUJe/GrU8Wqa8tD661fLLLFZ6nF8I3/P1OGbk/fra9ibXpG3b6M+YycnkZJ31aj8/u0q4qxHs4/0DhlHKqNSK/Zq/7n6hs9RpulG1WnZ3p1o2bXx0a8V8SpRWsari+9zXDxX5ZyPESj+tWaF9JLetbJ3Xiv8ANxIpm5FZ7W39J/7/ALTOOJ8MF5Tcm4U4yxGGTUE/tabven3q/Du4b1pu7TmbpZtsUX/FjVf+lMyXG0005O0ur1tNJ0Xvv4X/ADc63mjwPRbcq0+FOnWt/Vt1fSSPo+Byv16d/eGdnxdE9vZvMAF9wAAAAAEAAAAACgACFIBQAAAAAAAAABq/nhpZsVstP+Vn6TgzF4Y9xeInNrLCpFRSSTlK009d93aN3wS04GZc66/hGy3/ADuI/diYVsqhSqY6qqmrU5uEXubUtb+G+30Mz1Hp1u3tEb/dp+nxXVpl2eyKM5qCruMHPM2oKNO8XZQUkt17z100aW8yCksPDRTprt60Vu7TAcTjrupiln6VV45eq3B0dzhJ7ldWP1idqSp4yu4KvUpPBx6OMHKeS9Km4zavpbjLfqUK49Tua78/KPHb9/dZ5GC0z76Z+6lBr9bT/wA8TptsSo0bSg3q8rjCPSKTd1ljC6Tlv4rS9+/FtkYuvL9HKVaq81atmvVm8yVSKSld9bjvOyxNVxqbRjmajGhTUI5mlHqRXVXDfw7SM0Um3TFYj7ffTxh401n4t/zp2NCoo5qUtym0uCyu6e/ha749u7U+rm2of86rS/oN345oQ+RimKxfutRm5UqWFcXGLcVPLF1HN96UY/4TOObSF9pYmXZhEvOs38i36diml5n5uPOp01iWzQAbDMAAAAAEAAAAACgACFAAAAAAAAAAAAa652l9psx/0ir/AOhg0qco9JVinGrHE1KlJuLWamopyt2qzvpwTM+52Frs19mLfrl+hhUMNkvNRnHR2krzS1TbSei13+Bmc+2pho8C013r6OOtNeyV1RpxjTnTjNKMpzl70Yzum9FGzTt2p6HNgNj1utOlh3OTwtOjVcsQqa1pQzKMcjs1ZK7drpnZbCwMaiqRrJqaUHCVO1JQheWVRUfdfvN9t/gd9hKfQwVOnTzRzPV1Mzd9XJt729X8Gc+NxqZPintP3+j3yOTaN0rHfflhy5M1slOHstW0Okyv2uld5pXd/s+3sOWtyerWjJ4KDy04pXxcm5KKss6UFmfhYzH2irb9Sr6adIv5Ny7P41o+px7QxnR0HUy3doaJq2aTS1fYmy1k4+GlZmZn/MuFeVyJmIiWB42ajSxkYwqp1Z021OmqeW89I6N33vXRbu0zbmtini8dLsp4dLwcpsxWv0lWaqXqKqm87p6b7Zle27RaO+5GW80tO08c+7Bx8oTK/A1Np1+fmnTmTbpiLNigA1WcAAAAAIAAAAAFAAgKAAAAEKAAAAAADAedj3dnv+mr5GO4dQdJtRSkoNPSzaszJOdeN6eA/t8Pw/2MawytTk9/VsvKTaMb1aPhXeJ5fRsutGyjF2eabdklfV+tkj61kTSlG9rNPNJvR3XidVhaMuic4vrp6a8EtbPyOzoqWVJu8l7z3r13mLfNfFaZpK5ekOeKpaOMG/dtq+Dk1x/al5nFWVqeRJKFn1d+j37/ABZ+FGV2033d4rOVnuXVd7LerHi3Jy5JiJl4ikRLraWXoruKlZtRVl71uz4GT81EPs8Y+PT0l5Ul9WYrRi/Zv2rTs+9qS+hmfNhTy4fGf2+a8qVNG76XH9d1fmeGZgA2VEAAAAAQAAAAAKAAIUgFAAAhQAAAAAAYTzoL7LAf3lQ/CRissRBQlC8U05rV21s9PEyznP8A1OA/vPD/AISMNrYdSnNprSpO97rXM46cOKMn1SsT07XuHEd31YaUVTy3XvytZp6X09Ec9WrrDJJcdzTW7j6nxU2pOySvlWj4NNXJlUZdbsV8rtZuKTa+N/Mwb0ibblo9ES+ipiHGUZuN9Glra6aut2hZ41zi0oWdmn97S3/0kqLSWVvRWXal8zirz6ru7t3tvt76l+GlhWKzrsdMS/Ma8FBxTi27q2a+t3bcZxzdwthsS+3aOK9MsfkYFToLPGb0vUgtLvVyT8PvGweb6NsFN9uNxr/1pL5G96ZWI6phnczwyYAGsogAAAACAAAAABSFAEKQCgAAQpAKAAAAAwnnT/6fBPs2nhvwkYxUpJObu1mq1L91q3cZFzuVowwmFcna2OpT78sYyu7fFeZjtH7dSqYapSrwc3JJSs43kpNNPw42Mv1LHa0V6VviWiJncuiw2Lk6soQi5SUprTV2zW+h90ak1bNCe/jCVr6/SXkzr6vJ/ExlKU8JiG3VnLNQqQl1XOT91rfZpb+Aj00UoOhjFbi6Sza310nZ75Lwk/jXvxqW9pW4y3jw7f2io9FCbd7O0Jb+w63aeMnTXWjKDausyaut244nUxUp26DEyhe9+iln3d9S107/AFPwtg15x0wWJzu/Xr1YwSXB5UvmRj4mOveZROW/yZDhaesE23arR820Z1zff9ui+3EYx/68zBa01h8s8TUpUUpxlZyTlJx3JRXyuZ9yCS/ReGad0+mkvCVab+Za9Ox2rFpt5VeVaJmNSyAAGmqAAAAACAAAAAKCFAAAAAAAAAAEAoAA0hz04qrHaCjduCw9LKuCTcr+t/I1rDEyjLPGUoS4OEnF+a1Np89c37bSjNLL7NFwkkr3c55k+1aL83NVVKa8fAkd9guWm06KShjpOK3KqqdX1mm/U7OHOXtNfewz8aT+UkYS4LufdJX/AAZaUIKUXOlTqRW+LnUp3XZeOq+B4nHSfEJ3LNp85e039/DR8KP1kzq8fy02nW97GyitdKShR9YJP1OgxChKUnClTpxdssc9SpkXYnLV/HtPwoLt8kIx0jxBuXM8W3Jzk5Tlxcm234t6m6+ZDF1alHFqTeRPD5U76SaqZrfBR8jSdGlG6v66m9+ZZ3wFe0EoLE2Urayl0cW7vuTiekNhggAoIAKCACkAAAACgAAAAAIUAAAAAAAADD+cTkg9pUYypNLEU01HM7RnHflb4O+5+N991oLbWycRhKrpYmjOlPWyqRy3txi90l3ptHq04cVhqVWDp1acKkHvjUhGcX4p6AeR5L87z8O/d6o9J47m12HW1eBjB/zNWtQ9ISS9Dq6nM9sd7pYuPhXi/wB6LJGgXfu9WfpG/aXM/sZe97VP+tiFH92KO62dzf7Fw7ThgKUmtzrOeJ/8jZA0NyY5MYzaFRRw1FyjmtKfu049uae5eGr7j0VyW2JDAYKlhYvM4pucrWzTbvJ27OzuSO0hBRSjFJJKySSSS7kUCggAoIAKCAAAAKQAAUAAAAAAAAAAAAAAAAAAAAAAAAAAAAAAAAACFAAhQAIAAP/Z"
오렌지,,"data:image/jpeg;base64,/9j/4AAQSkZJRgABAQAAAQABAAD/2wCEAAkGBxMTEhUTExIWFRUXFxgWFhgXFhoYGBcaFhUXFxUYGhgYHSggGB0lGxcVITEhJSkrLi4uFx80OTQtOCgtLisBCgoKDg0OGhAQGy0lICUtLS0tLS8tLS0tLS0tLS0tLS0tLS0tLS0tLS0tLS0tLS0tLS0tLS0tLS0tLS0tLS0tLf/AABEIALQBGAMBIgACEQEDEQH/xAAbAAEAAgMBAQAAAAAAAAAAAAAAAwUCBAYBB//EADsQAAIBAgQEAgkEAAYBBQAAAAABAgMRBAUhMRJBUWFxgQYTIjKRobHB8EJS0eEjM2KCkvFDFBVTorL/xAAaAQACAwEBAAAAAAAAAAAAAAAAAwIEBQEG/8QANhEAAgECAwQJBAEDBQEAAAAAAAECAxEEITEFEkFREyJhcYGRobHRMsHh8BQjQlIzYpLC8Qb/2gAMAwEAAhEDEQA/APuIAAAAAAAAAAAAAAAAAAAAAAAAAAAGticZCmvakl25vyOSkoq7dkdSbdkbIKDEekSXuQv3bt8kVuIz2q9pJLokZtXa+Fp5b1+4twwNaXC3ediR+tj+5fE4Cti5ybvJt76u5VYfM61So+Oj6uCbV7Wfi9fERHa7nFyhT00u7X9DtTCwptRnPyWh9U9ZHa6v4kh81p176rU2sNmdWHuza7PVCKf/ANBG9qlNrud/gsPZbavCV/D/ANPoAOZwPpJyqr/dH+DoaNaM1eLTRsYfF0sQr03f38v1FCrQqUnaaJQAWRIAAAAAAAAAAAAAAAAAAAAAAAAAAAAAAAAAAAAAwlJJXbskJSSV3ojlM4zdzfDH3F8+7KeMxlPC096fguY/D4eVaVl4m9mGe7qn/wAn9kc/Vrtu7bb5vmR3uGeLxe0a2JleTy5G9Rw0KS6p4/EXPGyNyKJYSFWnxbu3hoyCOBTVpTnJd5fxYnEWPVaoluqTsQlQhJ3aR7SpRhFRirJfnM8k+3yMZSMWxbbbuxkYWPV4m3gMwnSleMvHmn4o0rhMdSqypyUouzOzpqatJXR9Ay3MY1lpo1uvv3RvnzfCYmVOSlF2af4vDsd3luNVaCmvNdH0PZbOx6xMbS+r37TzuMwnQu8fpfoboANMpAAAAAAAAAAAAAAAAAAAAAAAAAAAAYOSW+hiqsX+pfFABKDy5Diq6hCU3yV/4RxtJXYJXdkUPpNmH/ii+8vsjnLmWKquUm3u22/MwueAx+KeIrOb04dx6fDUVSpqK/We3DkRuRnTV7fnkUrD3krhhwfMk4fxbLzCobchqpvkR3iOUfieaWJZw3Tl4/VMwUrxbtpY7uWyBO5BI8bFdWsu2pFc5YfFXRncXI7hs7Y7YkUy2yDMHSqav2ZaS/nyZSORnSqFvC1pUpqS4Ca1JTi4vRn1QFZkGK9ZRi+a9l+W3ysWZ7mnNTipLRnk5wcJOL4AAEyIAAAAAAAAAAAAAACDEYiMFeTsvzRLmclJRTlJ2S4nUruyJzWxGLhD3pW7bt+S1K+rjJz2/wAOHX9VvpEpcRmMYv2Fd85PX+2ZGL2rGmur5u/otX6LtLdHCSm8/T7vh6l9PMZP3KfnN2+SIJVar96ql1UUlbz3OZr5hUle8vt9CDjfC7PffwRi1NrTlLNya791eUV7tmhHZ9lwXhf3LytjaN/anKfnf6mMMZh+j+BQoFB4tt3cI+V/Vu5b/ixta78/g6igqc/8qTi+zaZFmOMq+rcJe0m17Wzt3sUmEr8ElPdrl/J0NGsq1O9tdmi7RxEqkGqT3ZWfVX0td2n37SpVpdHNSeayzeqfecs5HlzzMvYqNEEahlbuVzXirq6Ni5NBrfl97bmopEsZJacm+fY6lYhKJO3pqun5+dSSNTV6q2nPUg4lzt9bctD31lv0xXK3O3JjoOwpxuZTfR377u/QwbukrO7Tv4N7/USutnFeH/ZBOrq7u+ltPAL5k4x5HmIn+dtiDiMqjW3Tv3IGyNizGNkS8RjxEdwpnbBJGXEOIjbPFI7YWzsvQvFe1Km+a4l4r+n8jsD5t6NVuGvTf+pL46fc+knr9k1N+hbkzze0ae7WvzX4AANMoAAAAAAAAAAAAq8xxzT9XT997v8Aav5E168KMN+f5b4JLi2ThCU3ZEmMx6i+CK4p9OS7v+ClxmNUHeT46nyj4dDVxePVO8YO8nfil38fuVEp3Z5PG7TqTduXDVR+0pdui4GzhsEkrv8AL+F2eZt18yqTum9Hy5GmzFozZkTnKbvJ3NOMIwyijBIzsewge8BG/EG0YHrRm0kRykALM9bLnJajVOTe19PG2pSxXi2XeZVVSpKNraIfRvBSmnorLveRXxPW3YLi/Y5TPMReb6o1sLiLo18TVvJs1MJVtJruWIUv6duRrQglHdOgjLmS06na/wBzSpVCXiK7WYqUDcUlfT5rUOTej08fpc1VU5Byb3vbxOC+jM6sraXvy3MZzfJcO35qYSqdLIgnL4k0hij+/uRJKe7uZYWlxSsv+jXc9d7nTZJgLJSbs2dalpFZshWqKlC5PRyeDhaSWi3KXMcpnDWHtx7bovMxx0WuBPVNX6O3I1KdRxbcXbt18iU50qT3Er9t/tpl4GfRnWXWb14M5jjPVqdFi8vhWV42hU+UjnqlGUJcMlZonu5JrQtxqqeXHkW2Ry/xYPpKP/6Pp58uyJN1Ka6yivmt/n8T6iek2N/py70Ye1PriAAbBlgAAAAAAADQzPHeqjprJ6RX38ELq1YUoOc3ZLNkoxcmorUjzPHOPsQ1m/8A6rqyhxWKhTjKCd5P3pd+evNjG1vVxet6k9W+a7lG1c8dj8dOrO7ydsl/in/2azb8EbeEwkd3s9/xy8z2SPEjxIyS6IydEahkotlrg8lbS43Z9OxX4aCUlfXtsjoMPj6eutrWNHAwoSb6RrxfqUcVUqRVoFbjMAoK9/afLojRfib2aYuM5XS8ytkVMVuOq+jturJdvb4jaCk4re1MZMjbM5eApxk2orVt2QpK+hZTsixybB3frZe7Hbuyp9I8w4m1cus6xqpU1TTvZJPu7HD4mtxO5ecFvKC0jr2y4+WiFYWLqSdWXh3EDZXuras/L6FgkVOK/wA34FqkrtrsNNM6HC1bm7FlNhKpZUplSpGzCSNhi5GpmzRwze+i+Yl5aipNLUiUJS2TempqTqeR1+WuPD6tRS+/j1ZzvpDgfVtyW19e3cZBq65PTv5MTSxCnUcGrciLKqHHUWt7HVZjV9XTst3p4FH6JwveX5obub1bztyS/sJS3XJ8dPn4EYjr11HgjSRsUqutjWiZ0t9Sq1cdJG4m7k2IpRqxtPRraXNePY1KdS2j2Ny11dFrCTWcJeHaVKkbWZJ6M4BqvFNe4nLt0jb4ncnD5ZmjpzvbTZ+HQ7LD11OKlF3TPW7MqU3StHUxcfGfSJy5EwANIogAAAAAADmZV/WVJ1Hqo6RXZc/Pcu8wq8NOcv8AS7eL0XzZR05qnRcrf3fQxdqT3qkKbeSvN8dMl631LuFj1XLi7Jff4OfxeIc5N6tsg4epPUqt67eCsRPfVHj9WeijkrWPIxb2XmSJW7nnH8DxSJNpaBmyRSEZW8zBs84hVjlj3i5ByMJsnwuDnU0gvFvZDIwcnaOrOytFXkRQV3zLZ8OHhxO3rGv+K6GEqlPDJu6lPryXgcrmWZSqSbbLVJbl936uf+Pdzft36KjTeIfKPv8AgwzPGupJu5XMzaPGh0YqKsjUjGysiNs069LW5uqDk0oq7bSS6t6JHQ596JVKLiqcXUUkkrLVNLVPp47FujTk4uaWS1EV68KbjFvN/Y5ShKxcYGlOfurTq9i8y/0OilerJuV17Mdl2b53JMXGMJOKe2lrbdivilKEFK2opYyM3uwIKGGjHu+r+3QzciN1O4v3Mt3eoWbzZLCq001yLLH0lVpXtfTVfVFPbuW+VO8JK/gOpZ3jz91mivXW7aa4Gp6MUuBOPNNoizBrjl7SepIqnq5y7psq1UvpuTc9+mu9sbCDlUlPnYmt0M0rECZJBiWh7RNGRZ4D3W2nbZPbx+xTfm5a5FL2mnNJNaJ834FnBRTrxT/ciril/TbFfCWfsu6fk0b+R5i6UrS9x9eRJGjx3acfFEOMwq2V39jcp4aVKXSUnlrbh8rMzZ1VUW5M7CnJNJp3T2MzlcgxlSk/V1U+D9Mun9HU3NyhWVWO8lbmuX76mVWpOnK2vJnoAHCgAAA0M5jejPsr/Bpv5IqI2qUmttP+jpGjl8TR9RPhd3B6xf2fdGFtWnOM41krxs4y7NbPuzdy7hWnFwWt7r7lBUdn3MErsv6tCjPXn2Zr4jKr/wCXt0vrfxPM9A1eMZKTXJmzHFQ45d5VN8kYXN5ZVV5xXyM45LL9Uox87s5/Hq6ONu/L3sN6akv7kVrZJh6Mpu0U2y3jTw9NNP23zv8AZGpic9UVanFRXbQ70dNZuV+yOfrp7kVVnUypx8XoSUsrSV601FftW78+RrY/O4wXBTVlyt92U+MzGU92VtSRO28rWsuXF975dmhYp4Tee9Vd+zgSYzFym9WabkeyI2yxGKSsjSUUlZEsWesny/ASqO+0Ov8ABZUMtjGTb9rpf7i51YRdhU6sYu3Ej9G6Fq8Ks4txg+Jd5L3Fr3s79jqKudVOJzdufsrkirjKxHXnuK/nVrKMXZXvlxfbz9jNq041p70lwt4G0s9qyUk7K60aWqK6pVctZb9eviZNaX6EbX54hUr1Kn1tsnClCDvFWMUw2Jr4HiQsej3c3MBV4ZI0UzYoTs0ck2s0cmrxaLDO6Gl0UEGdZmMVKnftf5HI21a7jpQUZSiu/wAxWClenZ8DYizJS6EUUZ3FtFpozZnDTXnqeQPYIi2LZv4TEuKdn0/okqYubV7mk/z7fU2qcLxb6HVVqpbsW7crvvKk4QvvNGEMVNvd9jpPR/Ob2p1Hr+l8vBnM1KVldHkZvdPbX4Glg8dOk1K7fY+K/fv4or4aFWLX6j6Uj0ochzdT/wAOW6Wj5PsXx6+jWhVjvweR56pTlTluyAAGEAamPwcasHCW3J80+TRtg40mrM6m07o+e5hh6tCfDLVP3XyaNeOayR9CxOGjUi4zimn+XXRnGZ16OzptyhecN+8fFL6nm8dsaKe/TX4+5t4XHQqdWqs/RlfLOpW3Zq180m+Zr1KZDKJhyopPrZmtCFNaIzqYmT5mvJsyaMFHoTVkOueEbRKzEkiaZC4Xem5dZRltNSTqrif7eXn1+hDg6CiuJ7vbsupk6jvcXOpJ5RZGpNzW6nYvMzp2s4pKNtkrJGhc28vxykuGWq7mWJy6y4oO66cxTj0jclrxX3KEJKn1J+DNBzMZyPd9iKT1sLSLVjLi0MbXX5seXM4S+BIDBswsZSjYI6iSCsyalSd0uuxFJdC7yCnpJsnTh0klHmKrVOjg5E2MajDh6ROVSvJtdbHR5pGc3wU48U2nwq+7UW/sc1kUuT35jXFtym9L2Xh8CsK9yDfH5NlNIxRlUptOzPYLQRoXb5XC5GcGYIkpq5xkJEpJSnb6fYhlyMovUgxTV0bVORjUpLXoRORsUYuei3/glSk49W1xUlbMww1RwkmnzumdxleM9ZHXf6o4mWEnd2g9+hb4dOnCP7o6/c9BsyvOk2mnu+Ppcz8dThUSs1c64EVCpxRjLqk/irg9OncwyUAAAAAAVGY5BRrauPDL90dPitmc7jPRCrG/q5Rmu/sy+enzO5BVrYOjVzks+aLNLGVqWUXl25nyvFZPXh71GfildfGN0aFSLWjVvE+xWMZU090n4oz6mxab+mbXgvwXobXmvqgvNr5PjV+mr6I26OT4mp7lCo+7i4r4ysj61GCWyS8jKxGGxIL6pvwVvklLbEv7YLxbfwfNcxwFSnw+shwtq61TXdXXQq6iPquNwcasHCauvmn1XRnB51kc6Lu1xQe0l9H0ZUx2zOi68Pp9izgseqvVllL37ikjNplvluaW0ZTzVjFmLKOfJmlKMZqzOxjClUT2UmrXW5RYrL5078Suuq2/o1MPjpQLvCZ0npLXsyW+mrVFb/cl7oqqnUo5xzXIp7HkWdD6ihU1tw+GnyMP/Zqbek2uVtDqoOWcWmu/5zJfy4f3JopqmsfDf7ESOloYCnCLWsr6O5jHAUI62v4sFh3pvLnqRWLhnkyrwGE9Y+i5v+C4qTjSjZciGrjoxVo6clYs8myZyaqVl3jB/JyX2H4WjOrLo6GfOT0S/dOL9q1eskt+pkuC5k/o9gWr1Zq0pe6nuo7+Tf2KL0ryb1dX/wBRTj7Ev8yy92V/e8H9fE7pGE4J6NXT6nqJbOpPDfx159vPx9sjJhjJwrdL5rs5eBwUKUai135P+TRr4Ocd0/JaHU4z0dcXxUXpvwN7dov7MrqlSdN+3CUfFffZnkcRhK+GlarF2/yWa8f25s0cUpf6bv2PJ/vmUTptWumj2KOgeKhJWkos8pxoftK/9OX0zXjdfI/+TJLrQZStez52MEzoXUp2twrwsQRq04u6jFEX0a/vXkyMcS7fSyvw+EnJ3UfN7FpTpqlF336kOJzhJWVkU9fEzqvhipSfRK7+CGKMW7Urt87ey1uRcalT68l+8Tfed+01uiwwKqYh2jov1S5L++xrZR6KTk1Kt7Een6n9o/U7PDYaNOKhCKjFcl+as9Dgtm1ZRXSyko8r5v7lDFYmjTypJN8+C/JnRp8KUVskkvJWBKD0SyMcAAAAAAAAAAAAAAAAAR1aSkmmk0901dEgADks39E07you3+h7f7Xy8zkMVhJ03wzi4tdVr/fifXDWxWEhUXDUipLuvp0MvFbLp1c4dV+hpYfadSnlPrL1/e8+RtGNz6BiPQyi3eEpw7aSXz1+ZWVfQep+mtFrvFr6NmRLZOJjok+5r72NWG08O+Nu9M5eGJktmSxzKa5nQUvQar+qvBeEXL6tG/hvQamnedWcu0UoL7shHY9eesUu9r7XOz2jhVq79yZybzaRZ4DLcXXs1Hgh+6emnZPVnZYDIMPR1hTV/wB0vafxexaWL+H2FTWdR37F8mfW2qtKUbdr+CpyrIqVHX35/vlv5LaJbJHoNynThTjuwVl2GTOcpy3pO7AAJkQeWPQAGpUy+lLelB/7Ua8sjw7/APHbwlJfcswKlQpS+qKfghirVFpJ+ZUP0ew/7X/zl/J6sgw//wAbfjOX8lsCEcJh1pTj/wAUS/kVv85ebK6nkuHW1GHmr/U3aVKMVaKSXZW+hIB0YRjorC5SlL6nc8segEiIAAAAAAAAAAAAAAAAAAAAAAAAAAA8QAAegAAAAAAAAAAAAAAAAAAAAAAAAAAAAAAAAP/Z"
데킬라,,https://www.google.com/imgres?imgurl=https%3A%2F%2Fmblogthumb-phinf.pstatic.net%2FMjAxOTExMThfNTIg%2FMDAxNTc0MDU2MzA4NDcx.tnR5H8G4CibxgzvdfDbk9EQ8f2z-HpSZOHIKPWANZy8g.lIQ-yofDSqduRpToV9ztvLPc-qyiRGhhE1JRFiSPvngg.JPEG.ljk0821%2F713-5FCrudL._SX569_.jpg%3Ftype%3Dw800&imgrefurl=http%3A%2F%2Fm.blog.naver.com%2Fljk0821%2F221711230355&tbnid=Xisd2BLZCBpYMM&vet=12ahUKEwjN9dngoq39AhWCEogKHQNUAi0QMygAegUIARDhAQ..i&docid=nlSvPNgv1f49uM&w=569&h=724&q=%EB%8D%B0%ED%82%AC%EB%9D%BC&hl=ko&ved=2ahUKEwjN9dngoq39AhWCEogKHQNUAi0QMygAegUIARDhAQ
체리,,https://www.google.com/imgres?imgurl=https%3A%2F%2Fimages.mypetlife.co.kr%2Fcontent%2Fuploads%2F2019%2F08%2F09153147%2Fthomas-q-INprSEBbfG4-unsplash.jpg&imgrefurl=https%3A%2F%2Fmypetlife.co.kr%2Fwiki%2F%25EA%25B3%25A0%25EC%2596%2591%25EC%259D%25B4-%25EC%25B2%25B4%25EB%25A6%25AC-%25EB%25A8%25B9%25EC%2596%25B4%25EB%258F%2584-%25EB%2590%2598%25EB%2582%2598%25EC%259A%2594%2F&tbnid=hCdEX8iR9hb__M&vet=12ahUKEwiUiITpoq39AhWMf94KHSv0DAAQMygAegUIARDeAQ..i&docid=TbbEOejoJd5FuM&w=2048&h=1365&q=%EC%B2%B4%EB%A6%AC&hl=ko&ved=2ahUKEwiUiITpoq39AhWMf94KHSv0DAAQMygAegUIARDeAQ
소금,,https://www.google.com/imgres?imgurl=https%3A%2F%2Fpost-phinf.pstatic.net%2FMjAxODA1MTBfMTEx%2FMDAxNTI1ODkyNjg3Nzg5.wNVIWQlFig6LTdft95yhnbQ389V1o9w8Tl4Vpi50nhIg.uFiBIaj9APnfcAvFZccAzgtseIEthQG9bz6bbAkdZ-Ig.JPEG%2Fyay8225786.jpg%3Ftype%3Dw1200&imgrefurl=https%3A%2F%2Fm.post.naver.com%2Fviewer%2FpostView.naver%3FvolumeNo%3D15588823%26memberNo%3D4328593&tbnid=hFKs2Z-W2hdsCM&vet=12ahUKEwj4xbDuoq39AhUFet4KHY7iA54QMygFegUIARDrAQ..i&docid=LQVqlw_WKfVgsM&w=1200&h=800&q=%EC%86%8C%EA%B8%88&hl=ko&ved=2ahUKEwj4xbDuoq39AhUFet4KHY7iA54QMygFegUIARDrAQ
젤리,,https://www.google.com/imgres?imgurl=https%3A%2F%2Fimg.danawa.com%2Fprod_img%2F500000%2F929%2F971%2Fimg%2F2971929_1.jpg%3Fshrink%3D330%3A330%26_v%3D20161124175623&imgrefurl=https%3A%2F%2Fprod.danawa.com%2Finfo%2F%3Fpcode%3D2971929&tbnid=unNKyKpkOG5jsM&vet=12ahUKEwjJpoL6oq39AhUQTPUHHXFQCfwQMygAegUIARCAAg..i&docid=9lx50F_vqoR75M&w=330&h=330&q=%ED%95%98%EB%A6%AC%EB%B3%B4&hl=ko&ved=2ahUKEwjJpoL6oq39AhUQTPUHHXFQCfwQMygAegUIARCAAg
파인애플 통조림,,https://www.google.com/imgres?imgurl=https%3A%2F%2Ffreshgreen.co.kr%2Fweb%2Fproduct%2Fbig%2F202101%2F9c052fa6f7578af8606aa10798b2f34d.jpg&imgrefurl=https%3A%2F%2Ffreshgreen.co.kr%2Fproduct%2F%25EB%258D%25B8%25EB%25AA%25AC%25ED%258A%25B8-%25ED%258C%258C%25EC%259D%25B8%25EC%2595%25A0%25ED%2594%258C-%25EC%258A%25AC%25EB%259D%25BC%25EC%259D%25B4%25EC%258A%25A4-3kg-%25ED%258C%258C%25EC%259D%25B8%25EC%2595%25A0%25ED%2594%258C-%25ED%2586%25B5%25EC%25A1%25B0%25EB%25A6%25BC-%25ED%258C%258C%25EC%259D%25B8%25EC%2595%25A0%25ED%2594%258C-%25EC%25BA%2594%2F257%2F&tbnid=NvPHgIB8bY4dgM&vet=12ahUKEwjMuMmCo639AhUHaN4KHZutCMkQMygAegUIARDIAg..i&docid=tnAKuj9EfIf-CM&w=640&h=640&q=%ED%8C%8C%EC%9D%B8%EC%95%A0%ED%94%8C%20%ED%86%B5%EC%A1%B0%EB%A6%BC&hl=ko&ved=2ahUKEwjMuMmCo639AhUHaN4KHZutCMkQMygAegUIARDIAg
시럽,,https://www.google.com/imgres?imgurl=https%3A%2F%2Fimg-cf.kurly.com%2Fshop%2Fdata%2Fgoodsview%2F20191210%2Fgv30000072213_1.jpg&imgrefurl=https%3A%2F%2Fwww.kurly.com%2Fm2%2Fgoods%2Fview.php%3Fgoodsno%3D44470&tbnid=w_ikkMVZYgHBMM&vet=12ahUKEwjPof2Mo639AhVLct4KHUyECeAQMygEegUIARDZAg..i&docid=aCLYE4tLuNmCoM&w=1010&h=669&q=%EC%8B%9C%EB%9F%BD&hl=ko&ved=2ahUKEwjPof2Mo639AhVLct4KHUyECeAQMygEegUIARDZAg
예거,,https://www.google.com/imgres?imgurl=http%3A%2F%2Fm.kanashop.kr%2Fweb%2Fproduct%2Fbig%2F201903%2F4c5c1b1860f1a4425c66dcf8ef6420bf.jpg&imgrefurl=http%3A%2F%2Fm.kanashop.kr%2Fproduct%2F%25EC%2598%2588%25EA%25B1%25B0%25EB%25A7%2588%25EC%259D%25B4%25EC%258A%25A4%25ED%2584%25B0-700ml-%25ED%2597%2588%25EB%25B8%258C%25EB%25A6%25AC%25ED%2581%2590%25EB%25A5%25B4-vat-%25EB%25B3%2584%25EB%258F%2584%2F272%2F&tbnid=u7530HHqk_QvcM&vet=12ahUKEwjumfmTo639AhVGdt4KHdCfBAAQMygAegUIARDfAQ..i&docid=qApGdTSBbre1SM&w=500&h=500&q=%EC%98%88%EA%B1%B0&hl=ko&ved=2ahUKEwjumfmTo639AhVGdt4KHdCfBAAQMygAegUIARDfAQ
꿀,,https://www.google.com/imgres?imgurl=http%3A%2F%2Fcdn.kormedi.com%2Fwp-content%2Fuploads%2F2020%2F08%2Fartisteer-580x347.jpg&imgrefurl=https%3A%2F%2Fkormedi.com%2F1323398%2F%25EA%25BF%2580%25EC%259D%2598-%25EB%2586%2580%25EB%259D%25BC%25EC%259A%25B4-%25EC%259D%25B4%25EC%25A0%2590-3%2F&tbnid=opanQ4qxWxbVcM&vet=12ahUKEwiShPWao639AhWXb94KHcmODroQMygAegUIARDiAQ..i&docid=CscVcLSXle8_zM&w=580&h=347&q=%EA%BF%80&hl=ko&ved=2ahUKEwiShPWao639AhWXb94KHcmODroQMygAegUIARDiAQ
생수,,https://www.google.com/imgres?imgurl=https%3A%2F%2Fimg.danawa.com%2Fprod_img%2F500000%2F852%2F904%2Fimg%2F13904852_1.jpg%3Fshrink%3D330%3A330%26_v%3D20210517095342&imgrefurl=https%3A%2F%2Fprod.danawa.com%2Finfo%2F%3Fpcode%3D13904852&tbnid=p1hPxjaITQySGM&vet=12ahUKEwi8hIOjo639AhVbPnAKHYV_BREQMygBegUIARDQAg..i&docid=65syf5qxe305KM&w=330&h=330&q=%EC%83%9D%EC%88%98&hl=ko&ved=2ahUKEwi8hIOjo639AhVbPnAKHYV_BREQMygBegUIARDQAg
하이볼,,https://www.google.com/imgres?imgurl=https%3A%2F%2Fblog.kakaocdn.net%2Fdn%2FcVv49H%2FbtqPe1XvIqZ%2F6bKBY5LXMbjuCy1dzzzZK0%2Fimg.png&imgrefurl=https%3A%2F%2Fholdeniscomming.tistory.com%2Fentry%2F5-%25EC%259C%2584%25EC%258A%25A4%25ED%2582%25A4-%25EC%25B9%25B5%25ED%2585%258C%25EC%259D%25BC-%25ED%2595%2598%25EC%259D%25B4%25EB%25B3%25BC-%25EB%25A7%258C%25EB%2593%259C%25EB%258A%2594-%25EB%25B2%2595-%25EC%2582%25B0%25ED%2586%25A0%25EB%25A6%25AC%25EA%25B0%2580-%25EC%2595%2584%25EB%258B%2588%25EC%2596%25B4%25EB%258F%2584-%25EC%25A2%258B%25EB%258B%25A4&tbnid=adbtkmDsEzH2mM&vet=12ahUKEwjqjomqo639AhVJDN4KHX7PB7oQMygCegUIARD1AQ..i&docid=s_yI4ffKRZaIQM&w=545&h=582&q=%ED%95%98%EC%9D%B4%EB%B3%BC&hl=ko&ved=2ahUKEwjqjomqo639AhVJDN4KHX7PB7oQMygCegUIARD1AQ
복분자,,https://www.google.com/imgres?imgurl=https%3A%2F%2Fimg.etnews.com%2Fphotonews%2F1808%2F1100265_20180813142113_550_0001.jpg&imgrefurl=https%3A%2F%2Fwww.etnews.com%2F20180813000339&tbnid=hX45ioAoz4nyVM&vet=12ahUKEwi5sPezo639AhVDC94KHbo6DscQMygBegUIARDfAQ..i&docid=C2WXJeKHNo1JSM&w=500&h=875&q=%EB%B3%B5%EB%B6%84%EC%9E%90&hl=ko&ved=2ahUKEwi5sPezo639AhVDC94KHbo6DscQMygBegUIARDfAQ
우롱차,,https://www.google.com/imgres?imgurl=https%3A%2F%2Fimg.danawa.com%2Fprod_img%2F500000%2F280%2F096%2Fimg%2F13096280_1.jpg%3Fshrink%3D330%3A330%26_v%3D20210119111727&imgrefurl=https%3A%2F%2Fprod.danawa.com%2Finfo%2F%3Fpcode%3D13096280&tbnid=VT77lBBU3jRhyM&vet=12ahUKEwiimrK6o639AhVP82EKHbH-BQ0QMygAegUIARDmAQ..i&docid=vGdzZa6tVkQ26M&w=330&h=330&q=%EC%9A%B0%EB%A1%B1%EC%B0%A8&hl=ko&ved=2ahUKEwiimrK6o639AhVP82EKHbH-BQ0QMygAegUIARDmAQ
레몬즙,,https://www.google.com/imgres?imgurl=http%3A%2F%2Fgdimg.gmarket.co.kr%2F238109477%2Fstill%2F600%3Fver%3D1650860378&imgrefurl=http%3A%2F%2Fglobal.gmarket.co.kr%2Fitem%3Fgoodscode%3D238109477&tbnid=5I6CWXnFkDiOKM&vet=12ahUKEwi8kIPMo639AhVSRN4KHan0CEEQMygKegUIARC5Ag..i&docid=WMZWOl_B1qyGkM&w=600&h=600&itg=1&q=%EB%A0%88%EB%AA%AC%EC%A6%99&hl=ko&ved=2ahUKEwi8kIPMo639AhVSRN4KHan0CEEQMygKegUIARC5Ag
리큐어,,https://www.google.com/imgres?imgurl=https%3A%2F%2Fcdn.shopify.com%2Fs%2Ffiles%2F1%2F0287%2F8075%2F7066%2Fproducts%2FNewProject_9d8815b5-00e3-42be-9fee-a89119cb8441_580x.png%3Fv%3D1625474351&imgrefurl=https%3A%2F%2Fsakedoo.com%2Fproducts%2F%25EA%25B4%2580%25EC%2584%25B8%25ED%258F%25AC%25ED%2595%25A8-%25EC%25B9%25B4%25EB%25B3%25B4%25EC%258A%25A4%25EB%25A6%25AC%25ED%2581%2590%25EC%2596%25B4-640ml&tbnid=YIvKAB_6n2ErEM&vet=12ahUKEwitwejYo639AhUQFIgKHUfVB6cQMygEegUIARDUAQ..i&docid=MHyOKnZsWneTTM&w=580&h=580&q=%EB%A6%AC%ED%81%90%EC%96%B4&hl=ko&ved=2ahUKEwitwejYo639AhUQFIgKHUfVB6cQMygEegUIARDUAQ
진저에일,,https://www.google.com/imgres?imgurl=https%3A%2F%2Fimg.danawa.com%2Fprod_img%2F500000%2F028%2F074%2Fimg%2F2074028_1.jpg%3Fshrink%3D330%3A330%26_v%3D20190213100816&imgrefurl=https%3A%2F%2Fprod.danawa.com%2Finfo%2F%3Fpcode%3D2074028&tbnid=rqRmh6WQ7_SDRM&vet=12ahUKEwi42Kfgo639AhUASfUHHT7BBicQMygAegUIARD8AQ..i&docid=s6-BdbyrBBqLaM&w=330&h=330&q=%EC%A7%84%EC%A0%80%EC%97%90%EC%9D%BC&hl=ko&ved=2ahUKEwi42Kfgo639AhUASfUHHT7BBicQMygAegUIARD8AQ
코코넛,,https://www.google.com/imgres?imgurl=https%3A%2F%2Ft1.daumcdn.net%2Fcfile%2Ftistory%2F99B3C4465A8BDFAF2B&imgrefurl=https%3A%2F%2Fonedaywithous.tistory.com%2F616&tbnid=S1TziYrZajdZMM&vet=12ahUKEwjIgrfno639AhUFet4KHY7iA54QMygBegUIARDiAQ..i&docid=dAyDLOfgKTY49M&w=710&h=532&q=%EC%BD%94%EC%BD%94%EB%84%9B&hl=ko&ved=2ahUKEwjIgrfno639AhUFet4KHY7iA54QMygBegUIARDiAQ
크림,,https://www.google.com/url?sa=i&url=https%3A%2F%2Fwww.seoulmilk.co.kr%2Fenterprise%2Fproduct%2Fproduct_view.sm%3Fsubname%3D07%26gubun%3D%26nmNo%3D50%26page%3D1&psig=AOvVaw3zdNDNq_CcfX6qe3WAVCrS&ust=1677297946835000&source=images&cd=vfe&ved=0CBAQjRxqFwoTCMi-kvajrf0CFQAAAAAdAAAAABAD
청포도,,https://www.google.com/url?sa=i&url=https%3A%2F%2Fnamu.wiki%2Fw%2F%25EC%25B2%25AD%25ED%258F%25AC%25EB%258F%2584&psig=AOvVaw2EclYucPkuzEZ15g_j5zqU&ust=1677297973541000&source=images&cd=vfe&ved=0CBAQjRxqFwoTCPD49YCkrf0CFQAAAAAdAAAAABAI
막걸리,,https://www.google.com/imgres?imgurl=https%3A%2F%2Fthumb.mt.co.kr%2F06%2F2021%2F11%2F2021111911385598861_1.jpg&imgrefurl=https%3A%2F%2Fnews.mt.co.kr%2Fmtview.php%3Fno%3D2021111911385598861&tbnid=uDop-eJW63GZ5M&vet=12ahUKEwiwkJWIpK39AhVGC94KHXbBDrgQMygAegUIARDhAQ..i&docid=-7QgeUnIuEwrSM&w=438&h=594&q=%EB%A7%89%EA%B1%B0%EB%A6%B4&hl=ko&ved=2ahUKEwiwkJWIpK39AhVGC94KHXbBDrgQMygAegUIARDhAQ
맛밤,,https://www.google.com/aclk?sa=l&ai=DChcSEwjXx7WWpK39AhWQQ2AKHRytDCgYABABGgJ0bQ&sig=AOD64_3rbSQ5ReRl5FNlalX37MHNjAwRiQ&adurl&ctype=5&ved=2ahUKEwi25q2WpK39AhVUEogKHaTLCzIQvhd6BAgBECw
쿨피스,,https://www.google.com/imgres?imgurl=https%3A%2F%2Fcdn-mart.baemin.com%2Fgoods%2F85%2FD151-RM-38156_%25E1%2584%258F%25E1%2585%25AE%25E1%2586%25AF%25E1%2584%2591%25E1%2585%25B5%25E1%2584%2589%25E1%2585%25B3_%25E1%2584%2587%25E1%2585%25A9%25E1%2586%25A8%25E1%2584%2589%25E1%2585%25AE%25E1%2586%25BC%25E1%2584%258B%25E1%2585%25A1%25E1%2584%2586%25E1%2585%25A1%25E1%2586%25BA(450ml)_%25E1%2584%2586%25E1%2585%25A6%25E1%2584%258B%25E1%2585%25B5%25E1%2586%25AB_%25E1%2584%258A%25E1%2585%25A5%25E1%2586%25B7%25E1%2584%2582%25E1%2585%25A6%25E1%2584%258B%25E1%2585%25B5%25E1%2586%25AF.jpg&imgrefurl=https%3A%2F%2Fmart.baemin.com%2Fgoods%2Fdetail%2F7585&tbnid=_liYOlMKCY495M&vet=12ahUKEwi9rO2gpK39AhUPTPUHHWYiABMQMygAegUIARCKAg..i&docid=iVx1vpO-x66p8M&w=500&h=500&q=%EC%BF%A8%ED%94%BC%EC%8A%A4&hl=ko&ved=2ahUKEwi9rO2gpK39AhUPTPUHHWYiABMQMygAegUIARCKAg
라거,,https://www.google.com/imgres?imgurl=http%3A%2F%2Fres.heraldm.com%2Fphpwas%2Frestmb_idxmake.php%3Fidx%3D507%26simg%3D%2Fcontent%2Fimage%2F2022%2F05%2F17%2F20220517000744_0.jpg&imgrefurl=http%3A%2F%2Fmrealfoods.heraldcorp.com%2Fview.php%3Fud%3D20220517000768&tbnid=cz7PPwChW1Pm8M&vet=12ahUKEwjyqfyopK39AhXRD94KHf_VDUsQMygFegUIARDkAQ..i&docid=jp79AN4n9tBaaM&w=670&h=536&q=%EB%9D%BC%EA%B1%B0&hl=ko&ved=2ahUKEwjyqfyopK39AhXRD94KHf_VDUsQMygFegUIARDkAQ
자몽,,https://www.google.com/imgres?imgurl=https%3A%2F%2Forangec.co.kr%2Fshopimages%2Forangec%2Fmobile%2F0%2F1222710_represent&imgrefurl=https%3A%2F%2Fwww.orangec.co.kr%2Fm%2Fproduct.html%3Fbranduid%3D1222710&tbnid=LdTR9jQm4O0p6M&vet=12ahUKEwiFk9expK39AhXT-2EKHWGtAOEQMygAegUIARDhAQ..i&docid=q66R5A7IRF5x3M&w=1000&h=1000&q=%EC%9E%90%EB%AA%BD&hl=ko&ved=2ahUKEwiFk9expK39AhXT-2EKHWGtAOEQMygAegUIARDhAQ
깔라만시,,https://www.google.com/imgres?imgurl=https%3A%2F%2Fm.goodfood777.com%2Fweb%2Fproduct%2Fbig%2F20200107%2Fdc0094d80f0d48ab3d090aeebc6ae173.jpg&imgrefurl=https%3A%2F%2Fgoodfood777.com%2Fproduct%2F%25EC%25B0%25A9%25ED%2595%259C%25ED%2591%25B8%25EB%2593%259C-%25EA%25B9%2594%25EB%259D%25BC%25EB%25A7%258C%25EC%258B%259C-%25EC%259B%2590%25EC%2595%25A1-1000ml-x-1%25ED%258C%25A9%2F26%2F&tbnid=06c54U8emuk-sM&vet=12ahUKEwjXvPa2pK39AhUXaN4KHUsEC2UQMygEegUIARDmAQ..i&docid=_b5piqze0QXo7M&w=640&h=640&q=%EA%B9%94%EB%9D%BC%EB%A7%8C%EC%8B%9C&hl=ko&ved=2ahUKEwjXvPa2pK39AhUXaN4KHUsEC2UQMygEegUIARDmAQ
스파클링,,https://www.google.com/imgres?imgurl=https%3A%2F%2Fimg.danawa.com%2Fprod_img%2F500000%2F197%2F490%2Fimg%2F14490197_1.jpg%3Fshrink%3D330%3A330%26_v%3D20220314140327&imgrefurl=https%3A%2F%2Fprod.danawa.com%2Finfo%2F%3Fpcode%3D14490197&tbnid=NiiS8Y2wzCPkSM&vet=12ahUKEwjV_Ly-pK39AhX_TPUHHdQqDDgQMygAegUIARDhAQ..i&docid=_zqtZ3zkHJMzKM&w=330&h=330&q=%EC%8A%A4%ED%8C%8C%ED%81%B4%EB%A7%81&hl=ko&ved=2ahUKEwjV_Ly-pK39AhX_TPUHHdQqDDgQMygAegUIARDhAQ
딸기우유,,https://www.google.com/imgres?imgurl=https%3A%2F%2Fimg.danawa.com%2Fprod_img%2F500000%2F531%2F343%2Fimg%2F3343531_1.jpg%3Fshrink%3D330%3A330%26_v%3D20220303133522&imgrefurl=https%3A%2F%2Fprod.danawa.com%2Finfo%2F%3Fpcode%3D3343531&tbnid=ZWmGpdUCkoSlSM&vet=12ahUKEwjO_6TJpK39AhUOS_UHHZbyBiIQMygDegUIARDRAg..i&docid=cKKk03gOdUzYMM&w=330&h=330&q=%EB%94%B8%EA%B8%B0%EC%9A%B0%EC%9C%A0&hl=ko&ved=2ahUKEwjO_6TJpK39AhUOS_UHHZbyBiIQMygDegUIARDRAg
아침햇살,,https://www.google.com/imgres?imgurl=https%3A%2F%2Fimg.danawa.com%2Fprod_img%2F500000%2F912%2F970%2Fimg%2F1970912_1.jpg%3Fshrink%3D330%3A330%26_v%3D20220615162526&imgrefurl=https%3A%2F%2Fprod.danawa.com%2Finfo%2F%3Fpcode%3D1970912&tbnid=6XczZMRulvKJjM&vet=12ahUKEwjFy8TSpK39AhVG82EKHTNMAWcQMygAegUIARD1AQ..i&docid=it-4rfvB2scSdM&w=330&h=330&q=%EC%95%84%EC%B9%A8%ED%96%87%EC%82%B4&hl=ko&ved=2ahUKEwjFy8TSpK39AhVG82EKHTNMAWcQMygAegUIARD1AQ
코코팜,,https://www.google.com/imgres?imgurl=https%3A%2F%2Fimg.danawa.com%2Fprod_img%2F500000%2F560%2F351%2Fimg%2F3351560_1.jpg%3Fshrink%3D330%3A330%26_v%3D20170215151307&imgrefurl=https%3A%2F%2Fprod.danawa.com%2Finfo%2F%3Fpcode%3D3351560&tbnid=fc8Mt_Eiabno4M&vet=12ahUKEwjsyqLlpK39AhVWNd4KHdf5Au4QMygAegUIARDDAg..i&docid=xDT4mgMiDBcymM&w=330&h=330&q=%EC%BD%94%EC%BD%94%ED%8C%9C&hl=ko&ved=2ahUKEwjsyqLlpK39AhVWNd4KHdf5Au4QMygAegUIARDDAg
코코넛워터,,https://www.google.com/imgres?imgurl=https%3A%2F%2Fimg.danawa.com%2Fprod_img%2F500000%2F383%2F490%2Fimg%2F17490383_1.jpg%3Fshrink%3D330%3A330%26_v%3D20220719143723&imgrefurl=https%3A%2F%2Fprod.danawa.com%2Finfo%2F%3Fpcode%3D17490383&tbnid=JD1AK6iYanqn9M&vet=12ahUKEwjt5pTtpK39AhWFAd4KHRo8DB8QMygBegUIARCIAg..i&docid=lg5hnI4VD5Z3EM&w=330&h=330&q=%EC%BD%94%EC%BD%94%EB%84%9B%EC%9B%8C%ED%84%B0&hl=ko&ved=2ahUKEwjt5pTtpK39AhWFAd4KHRo8DB8QMygBegUIARCIAg
포도주스,,https://www.google.com/imgres?imgurl=https%3A%2F%2Fimg.danawa.com%2Fprod_img%2F500000%2F453%2F747%2Fimg%2F3747453_1.jpg%3Fshrink%3D330%3A330%26_v%3D20181005122921&imgrefurl=https%3A%2F%2Fprod.danawa.com%2Finfo%2F%3Fpcode%3D3747453&tbnid=pZyNE7Y_4Ad_tM&vet=12ahUKEwjnu7L0pK39AhVBAYgKHR-SA14QMygAegUIARCzAg..i&docid=EakkTGtiGXNG9M&w=330&h=330&q=%ED%8F%AC%EB%8F%84%EC%A3%BC%EC%8A%A4&hl=ko&ved=2ahUKEwjnu7L0pK39AhVBAYgKHR-SA14QMygAegUIARCzAg
사과주스,,https://www.google.com/imgres?imgurl=https%3A%2F%2Fwww.costco.co.kr%2Fmedias%2Fsys_master%2Fimages%2Fh0d%2Fhb0%2F14323604881438.jpg&imgrefurl=https%3A%2F%2Fwww.costco.co.kr%2FFood%2FBeverages%2FJuice%2FKirkland-Signature-Apple-Juice-378L-x-2%2Fp%2F1165114&tbnid=2Z4kXb51zumMXM&vet=12ahUKEwihr8j6pK39AhVbPnAKHYV_BREQMygCegUIARDfAg..i&docid=3bquRftrDG2F-M&w=1200&h=1200&q=%EC%82%AC%EA%B3%BC%EC%A3%BC%EC%8A%A4&hl=ko&ved=2ahUKEwihr8j6pK39AhVbPnAKHYV_BREQMygCegUIARDfAg
데미소다,,https://www.google.com/imgres?imgurl=https%3A%2F%2Fimg.danawa.com%2Fprod_img%2F500000%2F446%2F174%2Fimg%2F3174446_1.jpg%3Fshrink%3D330%3A330%26_v%3D20170227163851&imgrefurl=https%3A%2F%2Fprod.danawa.com%2Finfo%2F%3Fpcode%3D3174446&tbnid=WVJ-vRnNe9hE-M&vet=12ahUKEwjk3aaGpa39AhULBN4KHUpHDd0QMygAegUIARDGAg..i&docid=fGCeYqcGbPIo9M&w=330&h=330&q=%EB%8D%B0%EB%AF%B8%EC%86%8C%EB%8B%A4&hl=ko&ved=2ahUKEwjk3aaGpa39AhULBN4KHUpHDd0QMygAegUIARDGAg
보리차,,https://www.google.com/aclk?sa=l&ai=DChcSEwjkt8SSpa39AhXS0pYKHRqZDr8YABABGgJ0bA&sig=AOD64_3UIGg7wulgEI68ocm2Jz2FPyxJTQ&adurl&ctype=5&ved=2ahUKEwj69LySpa39AhVBDN4KHVmTB_4Qwg96BAgBEGo
비타500,,https://www.google.com/imgres?imgurl=https%3A%2F%2Fwww.ekdp.com%2Fupload%2Fproduct%2Fvita500_new.jpg&imgrefurl=https%3A%2F%2Fwww.ekdp.com%2Fproduct%2Fitems_view.asp%3Fs%3D351&tbnid=UeJJsMYkygoVfM&vet=12ahUKEwiD_Nuepa39AhXZAogKHY3LBWAQMygAegUIARDeAg..i&docid=48jY5jyRBi4AkM&w=620&h=620&q=%EB%B9%84%ED%83%80500&hl=ko&ved=2ahUKEwiD_Nuepa39AhXZAogKHY3LBWAQMygAegUIARDeAg
포도봉봉,https://i.imgur.com/1ZQ3Z9M.png
망고링고,https://i.imgur.com/1ZQ3Z9M.png
탄산,https://i.imgur.com/1ZQ3Z9M.png
레몬맛 탄산음료,https://i.imgur.com/1ZQ3Z9M.png
빨간과일식초,https://i.imgur.com/1ZQ3Z9M.png
파워에이드,https://i.imgur.com/1ZQ3Z9M.png
블루베리에이드,https://i.imgur.com/1ZQ3Z9M.png
오렌지쌕쌕,https://i.imgur.com/1ZQ3Z9M.png
복숭아봉봉,https://i.imgur.com/1ZQ3Z9M.png
요거풋풋,https://i.imgur.com/1ZQ3Z9M.png
기네스,https://i.imgur.com/1ZQ3Z9M.png
숙취음료,https://i.imgur.com/1ZQ3Z9M.png
파란이온음료,https://i.imgur.com/1ZQ3Z9M.png
탱크보이,https://i.imgur.com/1ZQ3Z9M.png
호가든,https://i.imgur.com/1ZQ3Z9M.png
화요,https://i.imgur.com/1ZQ3Z9M.png
양주,https://i.imgur.com/1ZQ3Z9M.png